m_id,sum,count
1,1686,215
2,755,110
3,339,52
4,33,7
5,301,49
6,805,102
7,344,54
8,46,8
9,100,16
10,923,132
11,514,70
12,92,19
13,50,8
14,138,18
15,78,13
16,644,82
17,506,67
18,148,20
19,480,88
20,75,15
21,622,89
22,232,36
23,100,16
24,175,28
25,551,76
26,91,13
27,60,9
28,93,11
29,242,38
30,1410,177
31,935,128
32,514,67
33,17,4
34,685,104
35,17,2
36,111,15
37,42,7
38,51,8
39,234,46
40,212,32
41,92,15
42,1614,203
43,428,68
44,6,1
45,1729,204
46,194,28
47,20,2
48,14,3
49,8,1
50,49,8
51,298,37
52,220,34
53,45,6
54,22,5
55,157,31
56,45,9
57,34,5
58,151,20
59,386,55
60,17,5
61,45,7
62,90,13
63,64,8
64,22,5
65,102,15
66,8,1
67,20,3
68,94,17
69,16,2
70,6,1
71,54,7
72,119,15
73,35,7
74,101,16
75,65,10
76,42,8
77,51,9
78,79,10
79,508,84
80,7,1
81,78,10
82,20,2
83,78,14
84,174,23
85,24,5
86,18,3
87,681,99
88,151,23
89,8,1
90,173,26
91,8,1
92,1911,237
93,854,104
94,326,46
95,20,3
96,39,5
97,10,2
98,12,2
99,16,2
100,85,16
101,35,4
102,86,12
103,28,7
104,4,1
105,34,6
106,183,31
107,6,1
108,112,16
109,601,86
110,80,12
111,331,51
112,20,3
113,104,15
114,10,1
115,4,1
116,1546,201
117,312,44
118,6,2
119,799,137
120,93,12
121,29,6
122,20,3
123,63,11
124,348,62
125,81,14
126,328,57
127,749,103
128,143,17
129,470,66
130,93,14
131,1024,144
132,17,3
133,333,54
134,48,10
135,226,35
136,46,6
137,284,53
138,331,62
139,54,10
140,159,20
141,112,13
142,44,8
143,2,1
144,6,2
145,245,36
146,77,17
147,14,2
148,14,2
149,681,112
150,271,48
151,33,4
152,83,12
153,6,1
154,28,5
155,29,6
156,173,35
157,132,18
158,62,10
159,240,45
160,182,28
161,6,1
162,6,1
163,163,30
164,57,9
165,12,2
166,144,21
167,670,115
168,24,4
169,14,2
170,18,3
171,46,6
172,16,2
173,194,24
174,326,49
175,28,6
176,96,14
177,6,1
178,6,1
179,120,16
180,802,104
181,289,40
182,368,52
183,126,22
184,14,3
185,48,7
186,163,24
187,814,133
188,109,14
189,84,12
190,88,17
191,515,70
192,313,45
193,147,22
194,16,2
195,102,17
196,19,4
197,8,1
198,36,5
199,6,1
200,249,29
201,165,21
202,108,17
203,134,18
204,30,6
205,18,3
206,297,43
207,6,1
208,29,7
209,198,35
210,98,14
211,32,5
212,2124,251
213,326,42
214,164,21
215,8,1
216,462,68
217,100,17
218,12,2
219,34,5
220,28,4
221,233,31
222,41,7
223,24,6
224,143,22
225,245,38
226,6,2
227,12,2
228,106,13
229,267,40
230,22,3
231,9,1
232,8,1
233,6,1
234,595,92
235,57,8
236,113,14
237,14,3
238,692,101
239,12,2
240,2577,307
241,4,1
242,32,4
243,570,81
244,8,1
245,32,5
246,189,32
247,22,3
248,51,9
249,135,16
250,187,24
251,161,20
252,6,1
253,6,1
254,26,9
255,20,3
256,120,16
257,234,38
258,945,140
259,519,81
260,2808,317
261,144,20
262,6,1
263,71,10
264,8,1
265,24,3
266,192,34
267,63,10
268,733,108
269,36,6
270,12,2
271,68,12
272,378,50
273,42,5
274,14,2
275,6,1
276,108,19
277,680,98
278,34,5
279,16,2
280,29,5
281,979,161
282,42,6
283,42,6
284,215,30
285,793,110
286,386,57
287,108,17
288,10,2
289,462,64
290,40,6
291,198,42
292,2740,329
293,725,103
294,48,9
295,6,1
296,43,8
297,104,17
298,240,34
299,1356,172
300,26,4
301,1000,157
302,518,74
303,16,2
304,355,58
305,139,21
306,116,21
307,80,11
308,110,25
309,260,40
310,1207,171
311,39,7
312,105,21
313,1245,178
314,84,11
315,101,16
316,130,21
317,13,2
318,8,1
319,6,1
320,19,4
321,12,2
322,18,2
323,37,5
324,50,10
325,6,1
326,55,8
327,12,2
328,4,1
329,521,84
330,105,15
331,145,26
332,28,6
333,81,16
334,40,8
335,96,13
336,12,2
337,107,20
338,321,59
339,77,12
340,32,5
341,57,10
342,11,3
343,15,2
344,44,7
345,61,12
346,134,18
347,24,6
348,15,2
349,44,8
350,613,101
351,305,63
352,36,7
353,39,9
354,38,7
355,539,76
356,330,42
357,501,81
358,28,6
359,72,12
360,69,9
361,58,8
362,2,1
363,42,7
364,8,1
365,28,5
366,714,101
367,177,37
368,30,4
369,1517,190
370,28,5
371,27,6
372,16,3
373,22,4
374,58,10
375,344,60
376,10,1
377,34,5
378,2,1
379,284,40
380,26,7
381,517,70
382,215,25
383,2,1
384,5,1
385,18,4
386,1785,238
387,120,19
388,58,8
389,12,2
390,311,53
391,18,3
392,20,4
393,6,1
394,63,11
395,72,12
396,112,17
397,105,14
398,88,12
399,277,41
400,10,1
401,10,1
402,328,43
403,10,2
404,976,144
405,44,6
406,71,15
407,12,2
408,31,7
409,18,2
410,88,13
411,477,66
412,432,61
413,6,1
414,12,2
415,24,4
416,27,4
417,123,18
418,173,24
419,110,18
420,59,9
421,19,4
422,101,21
423,432,69
424,19,3
425,46,7
426,28,4
427,237,34
428,8,1
429,14,3
430,310,40
431,156,24
432,96,16
433,104,18
434,101,14
435,98,15
436,20,3
437,76,12
438,86,12
439,736,106
440,96,18
441,1017,124
442,78,14
443,272,41
444,39,8
445,84,21
446,13,2
447,33,6
448,18,2
449,34,5
450,661,93
451,398,61
452,496,65
453,494,65
454,40,6
455,47,8
456,163,23
457,8,1
458,6,2
459,12,3
460,14,2
461,32,6
462,26,4
463,85,16
464,17,4
465,6,1
466,28,5
467,32,4
468,8,1
469,197,36
470,695,116
471,790,115
472,1388,183
473,1779,224
474,1258,164
475,1296,189
476,2322,279
477,557,77
478,1101,146
479,414,60
480,941,135
481,84,11
482,8,1
483,8,1
484,60,10
485,24,4
486,1490,181
487,100,14
488,234,33
489,29,6
490,30,6
491,51,8
492,6,1
493,307,45
494,6,1
495,26,5
496,10,1
497,40,6
498,255,35
499,70,11
500,8,1
501,10,1
502,18,4
503,12,2
504,6,1
505,201,33
506,6,1
507,24,4
508,59,11
509,14,2
510,193,29
511,1146,162
512,6,1
513,24,4
514,402,65
515,30,5
516,338,49
517,46,7
518,79,12
519,26,3
520,17,2
521,19,2
522,251,36
523,287,53
524,57,9
525,69,9
526,8,1
527,42,9
528,20,3
529,16,4
530,65,11
531,16,2
532,27,5
533,2,1
534,45,7
535,8,2
536,36,7
537,6,1
538,121,21
539,393,58
540,68,11
541,41,8
542,61,10
543,119,15
544,33,4
545,199,35
546,8,1
547,188,31
548,25,5
549,6,1
550,70,10
551,881,121
552,55,7
553,817,123
554,106,20
555,224,27
556,62,11
557,146,29
558,374,48
559,20,3
560,137,22
561,8,1
562,14,2
563,17,2
564,106,19
565,198,41
566,14,2
567,120,19
568,28,4
569,7,1
570,6,1
571,824,102
572,1392,202
573,49,7
574,48,8
575,313,47
576,303,54
577,283,42
578,398,64
579,448,82
580,14,2
581,65,12
582,159,23
583,158,19
584,69,11
585,307,46
586,8,1
587,256,35
588,3,1
589,14,2
590,42,9
591,54,12
592,28,5
593,65,10
594,7,1
595,8,1
596,40,6
597,129,21
598,247,37
599,24,6
600,22,3
601,98,17
602,216,33
603,235,30
604,85,15
605,27,4
606,12,2
607,46,7
608,257,44
609,34,6
610,273,43
611,1647,192
612,184,23
613,7,2
614,22,3
615,7,1
616,10,1
617,24,4
618,148,27
619,21,5
620,4,1
621,10,2
622,32,6
623,8,1
624,92,13
625,22,3
626,10,2
627,15,2
628,250,29
629,89,12
630,42,7
631,483,60
632,716,84
633,121,14
634,58,7
635,14,2
636,477,57
637,214,27
638,401,50
639,99,13
640,848,100
641,367,44
642,283,35
643,226,30
644,211,26
645,14,2
646,82,10
647,714,92
648,328,45
649,61,9
650,234,27
651,558,69
652,849,109
653,203,24
654,24,3
655,150,18
656,7,1
657,170,20
658,69,9
659,63,8
660,194,23
661,78,12
662,23,3
663,48,6
664,14,2
665,39,6
666,64,8
667,15,2
668,52,6
669,55,7
670,24,3
671,57,7
672,15,3
673,30,4
674,47,6
675,47,6
676,54,7
677,123,14
678,87,12
679,147,18
680,139,18
681,8,1
682,7,1
683,8,1
684,6,1
685,89,11
686,210,28
687,270,34
688,7,1
689,82,10
690,39,5
691,6,1
692,6,1
693,12,2
694,6,1
695,14,2
696,92,13
697,6,1
698,12,2
699,29,5
700,73,11
701,6,1
702,92,11
703,65,13
704,18,3
705,73,12
706,15,3
707,36,6
708,35,8
709,35,5
710,52,10
711,6,1
712,55,9
713,55,9
714,47,8
715,62,9
716,77,12
717,29,5
718,118,20
719,29,5
720,70,10
721,29,6
722,118,17
723,228,37
724,126,27
725,293,42
726,94,13
727,44,6
728,179,25
729,169,28
730,552,71
731,237,35
732,167,24
733,270,40
734,143,20
735,31,5
736,504,64
737,1120,145
738,133,24
739,6,1
740,101,11
741,275,42
742,24,5
743,36,4
744,219,33
745,146,21
746,39,5
747,24,3
748,6,1
749,4,1
750,6,2
751,43,7
752,104,15
753,266,36
754,213,29
755,82,13
756,36,4
757,7,1
758,922,119
759,0,0
760,210,28
761,75,11
762,557,71
763,85,12
764,43,6
765,40,6
766,285,35
767,14,2
768,205,25
769,283,42
770,1101,131
771,502,63
772,300,47
773,252,37
774,289,42
775,110,15
776,919,122
777,27,4
778,103,19
779,548,83
780,123,15
781,179,20
782,28,3
783,8,2
784,18,2
785,6,1
786,8,1
787,7,1
788,6,1
789,191,27
790,8,1
791,17,2
792,95,13
793,177,24
794,34,6
795,431,62
796,25,5
797,269,39
798,29,5
799,90,11
800,65,8
801,81,13
802,1132,136
803,8,1
804,10,1
805,8,1
806,78,10
807,452,56
808,20,2
809,22,3
810,6,1
811,2,1
812,14,2
813,10,2
814,114,17
815,283,34
816,69,11
817,161,21
818,48,6
819,109,12
820,196,27
821,6,1
822,334,45
823,55,7
824,79,10
825,165,23
826,36,5
827,161,22
828,88,11
829,38,6
830,42,6
831,45,5
832,1202,142
833,493,59
834,999,126
835,54,7
836,473,57
837,387,45
838,959,120
839,478,58
840,903,107
841,1622,196
842,101,13
843,203,24
844,1071,126
845,1159,146
846,412,51
847,76,11
848,133,15
849,88,11
850,670,83
851,640,84
852,1099,129
853,836,102
854,229,28
855,152,19
856,636,76
857,42,6
858,130,16
859,335,40
860,449,58
861,170,22
862,58,8
863,337,40
864,509,64
865,223,26
866,26,3
867,152,18
868,73,9
869,1021,131
870,81,10
871,342,41
872,127,16
873,271,33
874,681,86
875,642,79
876,145,17
877,285,35
878,371,45
879,114,14
880,497,59
881,191,25
882,117,16
883,36,6
884,175,23
885,199,27
886,890,109
887,729,91
888,112,15
889,275,34
890,355,43
891,329,43
892,38,5
893,1128,143
894,370,45
895,255,30
896,65,9
897,225,29
898,1381,171
899,210,30
900,272,33
901,89,11
902,292,39
903,358,48
904,487,57
905,99,12
906,551,69
907,66,8
908,124,15
909,401,53
910,160,19
911,116,14
912,306,41
913,43,7
914,268,34
915,530,66
916,67,10
917,1133,140
918,158,20
919,207,27
920,71,11
921,126,17
922,147,20
923,173,23
924,225,28
925,75,9
926,99,13
927,394,56
928,137,17
929,489,62
930,28,4
931,656,85
932,10,1
933,10,2
934,4,1
935,296,47
936,157,23
937,10,3
938,7,3
939,5,2
940,9,4
941,79,15
942,3,2
943,4,1
944,22,3
945,317,44
946,36,6
947,2,1
948,2,1
949,9,1
950,15,2
951,55,11
952,189,25
953,111,14
954,241,36
955,45,8
956,162,27
957,168,22
958,14,3
959,9,2
960,27,4
961,57,7
962,12,3
963,706,91
964,192,24
965,361,47
966,103,18
967,43,6
968,39,5
969,289,47
970,463,68
971,274,45
972,281,42
973,160,30
974,467,62
975,274,42
976,299,43
977,363,60
978,155,25
979,66,11
980,427,68
981,79,19
982,15,4
983,137,24
984,729,91
985,89,17
986,17,6
987,48,9
988,532,86
989,33,4
990,611,85
991,463,58
992,30,5
993,320,46
994,16,2
995,5,1
996,20,3
997,182,31
998,18,2
999,448,70
1000,299,39
1001,115,23
1002,128,16
1003,17,2
1004,48,8
1005,10,2
1006,82,12
1007,13,2
1008,17,2
1009,22,4
1010,8,1
1011,48,8
1012,2,1
1013,2,1
1014,12,2
1015,18,3
1016,79,16
1017,38,7
1018,17,2
1019,13,3
1020,6,2
1021,132,19
1022,35,5
1023,62,7
1024,186,24
1025,11,3
1026,45,6
1027,4,1
1028,74,12
1029,8,1
1030,64,12
1031,13,2
1032,111,17
1033,20,3
1034,389,52
1035,26,5
1036,8,1
1037,47,11
1038,8,1
1039,184,26
1040,8,1
1041,193,30
1042,68,11
1043,22,3
1044,449,74
1045,30,5
1046,6,2
1047,7,1
1048,8,2
1049,8,1
1050,24,3
1051,30,5
1052,104,27
1053,426,59
1054,10,2
1055,24,4
1056,7,1
1057,6,1
1058,63,15
1059,6,1
1060,707,100
1061,87,13
1062,2,1
1063,869,116
1064,20,3
1065,18,2
1066,99,13
1067,54,10
1068,52,7
1069,369,67
1070,18,2
1071,7,1
1072,13,2
1073,8,1
1074,18,4
1075,13,3
1076,358,59
1077,24,5
1078,61,19
1079,186,42
1080,8,1
1081,214,31
1082,12,2
1083,519,77
1084,2,1
1085,1151,165
1086,13,3
1087,26,5
1088,12,2
1089,599,82
1090,6,1
1091,123,22
1092,202,31
1093,123,20
1094,105,16
1095,147,25
1096,137,26
1097,19,4
1098,34,6
1099,49,6
1100,26,3
1101,253,43
1102,20,4
1103,14,3
1104,14,3
1105,14,4
1106,64,13
1107,20,3
1108,22,4
1109,14,3
1110,388,58
1111,16,3
1112,697,90
1113,41,5
1114,12,2
1115,8,1
1116,145,26
1117,66,11
1118,121,20
1119,788,97
1120,96,14
1121,81,13
1122,13,2
1123,9,2
1124,7,2
1125,570,77
1126,16,3
1127,47,7
1128,20,3
1129,10,1
1130,132,17
1131,372,52
1132,421,56
1133,7,2
1134,38,5
1135,135,32
1136,30,7
1137,15,3
1138,28,4
1139,15,3
1140,15,2
1141,9,1
1142,680,86
1143,7,1
1144,8,1
1145,8,1
1146,49,8
1147,8,1
1148,6,1
1149,12,2
1150,258,34
1151,95,16
1152,21,5
1153,18,3
1154,6,1
1155,81,12
1156,318,39
1157,292,40
1158,7,1
1159,533,80
1160,4,1
1161,70,10
1162,4,1
1163,180,25
1164,27,7
1165,953,125
1166,53,6
1167,28,4
1168,6,1
1169,22,3
1170,116,18
1171,134,20
1172,31,7
1173,263,45
1174,133,19
1175,42,7
1176,16,2
1177,14,2
1178,16,2
1179,62,8
1180,96,16
1181,29,5
1182,1150,141
1183,30,8
1184,149,24
1185,43,7
1186,181,31
1187,13,2
1188,136,16
1189,956,140
1190,276,45
1191,70,13
1192,30,4
1193,355,48
1194,26,4
1195,14,4
1196,832,106
1197,36,4
1198,73,9
1199,73,11
1200,8,1
1201,4,1
1202,207,31
1203,367,48
1204,20,4
1205,115,16
1206,105,15
1207,41,5
1208,4,1
1209,27,10
1210,23,5
1211,12,2
1212,82,14
1213,10,2
1214,8,1
1215,65,12
1216,383,56
1217,127,23
1218,28,5
1219,710,96
1220,39,5
1221,14,3
1222,139,23
1223,16,2
1224,6,1
1225,51,6
1226,8,2
1227,89,13
1228,175,25
1229,18,3
1230,187,31
1231,37,8
1232,6,1
1233,48,6
1234,77,11
1235,22,3
1236,12,3
1237,32,6
1238,2,1
1239,7,1
1240,20,3
1241,13,2
1242,142,29
1243,78,13
1244,88,11
1245,115,17
1246,27,3
1247,18,4
1248,6,1
1249,45,7
1250,6,1
1251,31,4
1252,119,15
1253,73,12
1254,24,3
1255,7,1
1256,41,8
1257,21,4
1258,35,9
1259,34,7
1260,41,7
1261,4,1
1262,6,1
1263,75,10
1264,47,6
1265,264,43
1266,8,2
1267,129,33
1268,157,24
1269,365,46
1270,75,12
1271,8,2
1272,16,3
1273,60,8
1274,4,1
1275,105,16
1276,9,1
1277,91,16
1278,14,2
1279,8,1
1280,8,1
1281,20,3
1282,10,2
1283,321,45
1284,289,42
1285,8,2
1286,167,32
1287,247,32
1288,24,3
1289,61,9
1290,562,92
1291,188,33
1292,25,5
1293,102,18
1294,362,47
1295,14,2
1296,51,8
1297,6,1
1298,87,10
1299,7,1
1300,16,2
1301,50,6
1302,7,1
1303,6,1
1304,24,3
1305,13,2
1306,24,3
1307,65,8
1308,14,2
1309,87,11
1310,201,24
1311,23,3
1312,245,34
1313,51,7
1314,52,6
1315,92,11
1316,50,7
1317,174,22
1318,302,39
1319,490,64
1320,109,14
1321,96,12
1322,105,13
1323,167,22
1324,110,15
1325,192,26
1326,731,96
1327,172,23
1328,74,11
1329,49,6
1330,142,21
1331,58,8
1332,321,42
1333,854,113
1334,92,16
1335,35,7
1336,31,7
1337,31,6
1338,10,2
1339,26,4
1340,4,1
1341,201,27
1342,24,5
1343,13,3
1344,4,1
1345,6,2
1346,10,2
1347,8,1
1348,322,47
1349,20,6
1350,15,4
1351,403,53
1352,12,4
1353,16,4
1354,551,75
1355,299,47
1356,270,46
1357,277,41
1358,100,15
1359,407,57
1360,372,60
1361,14,2
1362,6,1
1363,132,19
1364,162,21
1365,610,87
1366,593,88
1367,130,21
1368,42,8
1369,61,9
1370,23,4
1371,31,5
1372,256,38
1373,402,48
1374,200,25
1375,254,37
1376,59,8
1377,302,45
1378,20,3
1379,55,7
1380,12,3
1381,1559,188
1382,4,1
1383,60,8
1384,47,9
1385,27,6
1386,8,1
1387,14,3
1388,40,7
1389,20,3
1390,31,6
1391,10,2
1392,154,24
1393,57,8
1394,23,4
1395,14,3
1396,127,23
1397,82,20
1398,375,68
1399,6,1
1400,6,1
1401,27,4
1402,201,30
1403,90,15
1404,86,14
1405,238,31
1406,97,13
1407,33,4
1408,174,21
1409,11,2
1410,17,2
1411,34,5
1412,13,2
1413,36,5
1414,22,3
1415,10,1
1416,363,46
1417,34,5
1418,406,53
1419,374,55
1420,459,67
1421,138,26
1422,142,19
1423,27,5
1424,293,41
1425,90,18
1426,70,10
1427,83,13
1428,18,4
1429,29,6
1430,36,6
1431,254,39
1432,17,3
1433,150,22
1434,58,10
1435,10,2
1436,41,6
1437,318,51
1438,14,3
1439,15,3
1440,8,1
1441,334,50
1442,37,5
1443,167,24
1444,182,27
1445,65,10
1446,51,8
1447,119,16
1448,786,108
1449,94,15
1450,104,14
1451,112,15
1452,8,3
1453,16,4
1454,31,7
1455,54,11
1456,81,15
1457,250,38
1458,152,21
1459,83,15
1460,59,8
1461,37,4
1462,133,20
1463,137,22
1464,83,11
1465,69,14
1466,81,10
1467,146,21
1468,241,34
1469,114,18
1470,54,10
1471,80,13
1472,353,49
1473,214,33
1474,16,3
1475,55,9
1476,14,4
1477,218,28
1478,45,6
1479,12,3
1480,51,11
1481,7,2
1482,58,8
1483,8,1
1484,55,7
1485,308,43
1486,40,8
1487,22,5
1488,2,1
1489,14,2
1490,20,4
1491,390,58
1492,32,7
1493,24,5
1494,53,8
1495,632,91
1496,9,1
1497,78,10
1498,19,3
1499,14,2
1500,6,1
1501,7,1
1502,29,4
1503,23,4
1504,64,9
1505,41,6
1506,16,2
1507,199,25
1508,14,2
1509,20,5
1510,4,1
1511,267,40
1512,512,65
1513,45,7
1514,10,1
1515,14,2
1516,61,7
1517,58,7
1518,31,4
1519,23,4
1520,40,5
1521,6,1
1522,47,6
1523,13,2
1524,6,1
1525,22,3
1526,2,1
1527,21,3
1528,278,36
1529,185,27
1530,54,9
1531,54,7
1532,28,4
1533,192,28
1534,6,2
1535,141,22
1536,72,12
1537,306,39
1538,70,11
1539,25,5
1540,95,20
1541,6,2
1542,10,2
1543,8,1
1544,51,8
1545,10,2
1546,36,6
1547,54,9
1548,28,5
1549,19,4
1550,10,2
1551,432,57
1552,48,8
1553,12,2
1554,11,2
1555,274,42
1556,36,5
1557,303,43
1558,48,10
1559,12,2
1560,5,1
1561,41,6
1562,14,2
1563,4,1
1564,38,5
1565,354,45
1566,300,38
1567,36,5
1568,592,80
1569,5,1
1570,292,45
1571,18,2
1572,42,10
1573,102,14
1574,8,1
1575,262,33
1576,116,16
1577,385,59
1578,36,5
1579,8,1
1580,31,6
1581,6,1
1582,22,3
1583,122,17
1584,92,12
1585,137,17
1586,18,2
1587,45,7
1588,132,16
1589,54,9
1590,425,61
1591,49,8
1592,17,2
1593,730,88
1594,81,13
1595,22,3
1596,34,7
1597,1088,129
1598,18,2
1599,18,3
1600,5,2
1601,33,4
1602,73,13
1603,178,28
1604,169,23
1605,27,4
1606,74,18
1607,122,20
1608,16,2
1609,52,8
1610,70,11
1611,14,3
1612,55,8
1613,49,7
1614,14,2
1615,60,7
1616,192,25
1617,468,67
1618,35,7
1619,26,5
1620,53,6
1621,8,1
1622,191,26
1623,107,12
1624,55,10
1625,8,1
1626,13,3
1627,182,25
1628,76,14
1629,4,1
1630,128,24
1631,6,1
1632,148,24
1633,40,9
1634,41,9
1635,57,9
1636,123,21
1637,135,21
1638,25,5
1639,133,22
1640,59,12
1641,46,10
1642,30,7
1643,25,5
1644,12,4
1645,161,29
1646,14,3
1647,110,16
1648,8,1
1649,34,9
1650,55,7
1651,167,22
1652,31,8
1653,208,33
1654,175,25
1655,397,56
1656,695,92
1657,138,17
1658,18,4
1659,12,2
1660,61,8
1661,101,19
1662,213,30
1663,46,12
1664,118,21
1665,373,54
1666,281,43
1667,42,9
1668,166,26
1669,131,24
1670,157,29
1671,66,17
1672,122,18
1673,74,11
1674,6,1
1675,93,16
1676,2,1
1677,33,6
1678,15,2
1679,271,38
1680,161,29
1681,49,14
1682,16,2
1683,231,35
1684,114,23
1685,28,5
1686,34,6
1687,182,27
1688,37,6
1689,67,11
1690,8,1
1691,51,6
1692,19,3
1693,23,3
1694,54,8
1695,43,8
1696,8,2
1697,98,15
1698,16,3
1699,69,16
1700,6,1
1701,13,3
1702,88,13
1703,291,43
1704,41,9
1705,57,8
1706,44,8
1707,85,13
1708,12,3
1709,93,14
1710,9,3
1711,135,18
1712,45,7
1713,362,57
1714,119,24
1715,18,3
1716,41,8
1717,91,13
1718,22,3
1719,90,12
1720,20,3
1721,163,26
1722,8,1
1723,12,2
1724,18,3
1725,308,45
1726,36,5
1727,42,7
1728,8,1
1729,16,2
1730,24,3
1731,143,23
1732,35,6
1733,21,5
1734,28,7
1735,225,30
1736,769,94
1737,8,1
1738,38,6
1739,106,18
1740,40,6
1741,28,3
1742,10,1
1743,57,10
1744,11,3
1745,2,1
1746,59,10
1747,61,10
1748,13,3
1749,14,2
1750,10,2
1751,58,9
1752,12,3
1753,11,3
1754,123,18
1755,426,56
1756,100,18
1757,50,9
1758,67,12
1759,90,15
1760,15,3
1761,16,3
1762,12,3
1763,2,1
1764,291,47
1765,15,3
1766,258,40
1767,543,67
1768,13,2
1769,22,6
1770,35,6
1771,56,7
1772,59,8
1773,37,6
1774,19,3
1775,10,3
1776,9,1
1777,42,9
1778,6,1
1779,48,8
1780,22,4
1781,25,3
1782,100,12
1783,113,19
1784,51,8
1785,32,5
1786,2331,278
1787,381,54
1788,2,1
1789,24,6
1790,6,1
1791,46,6
1792,309,39
1793,213,36
1794,18,3
1795,7,2
1796,26,4
1797,7,1
1798,5,1
1799,27,4
1800,75,10
1801,91,12
1802,11,2
1803,142,25
1804,410,56
1805,170,22
1806,257,43
1807,77,15
1808,16,2
1809,8,1
1810,6,1
1811,8,1
1812,46,8
1813,4,2
1814,23,4
1815,150,26
1816,543,87
1817,34,5
1818,6,1
1819,17,2
1820,10,2
1821,870,140
1822,10,2
1823,20,3
1824,20,3
1825,25,4
1826,440,61
1827,296,49
1828,99,22
1829,54,16
1830,60,9
1831,86,11
1832,2,1
1833,6,1
1834,36,5
1835,4,1
1836,6,1
1837,421,63
1838,4,1
1839,28,4
1840,6,1
1841,76,12
1842,98,13
1843,2,1
1844,47,8
1845,14,2
1846,36,5
1847,387,56
1848,71,12
1849,9,2
1850,38,6
1851,35,4
1852,18,3
1853,24,3
1854,774,121
1855,153,19
1856,166,24
1857,74,10
1858,600,75
1859,27,4
1860,307,48
1861,4,1
1862,26,3
1863,7,1
1864,4,1
1865,298,53
1866,587,76
1867,234,53
1868,102,15
1869,696,103
1870,144,22
1871,57,9
1872,358,64
1873,367,53
1874,64,12
1875,906,120
1876,282,47
1877,64,10
1878,55,13
1879,88,21
1880,161,29
1881,241,39
1882,238,42
1883,4,1
1884,73,9
1885,93,13
1886,49,7
1887,52,7
1888,96,12
1889,45,5
1890,8,2
1891,65,10
1892,87,16
1893,36,5
1894,8,1
1895,8,1
1896,94,12
1897,2,1
1898,8,2
1899,2,1
1900,6,1
1901,8,1
1902,63,9
1903,260,39
1904,54,9
1905,22,6
1906,16,2
1907,44,7
1908,8,1
1909,45,8
1910,2,1
1911,7,1
1912,56,8
1913,316,39
1914,1394,179
1915,350,48
1916,56,7
1917,7,1
1918,13,2
1919,34,5
1920,225,38
1921,26,4
1922,57,10
1923,6,1
1924,2,1
1925,85,13
1926,20,3
1927,13,2
1928,14,4
1929,23,4
1930,671,87
1931,121,19
1932,46,10
1933,57,11
1934,677,91
1935,38,12
1936,21,8
1937,5,1
1938,9,1
1939,79,13
1940,76,13
1941,437,55
1942,138,23
1943,42,9
1944,21,4
1945,75,17
1946,42,5
1947,6,1
1948,2,1
1949,32,7
1950,10,3
1951,12,3
1952,6,3
1953,8,1
1954,69,11
1955,10,1
1956,151,26
1957,6,2
1958,43,7
1959,2,1
1960,28,4
1961,6,1
1962,8,1
1963,132,23
1964,127,18
1965,16,3
1966,12,2
1967,26,4
1968,6,1
1969,92,14
1970,1655,204
1971,54,7
1972,47,9
1973,54,8
1974,2,1
1975,8,1
1976,36,5
1977,86,12
1978,8,2
1979,53,8
1980,234,30
1981,182,25
1982,22,3
1983,59,10
1984,4,1
1985,42,7
1986,8,2
1987,37,6
1988,115,19
1989,16,4
1990,32,5
1991,4,1
1992,4,1
1993,6,2
1994,2,1
1995,21,5
1996,60,8
1997,334,45
1998,24,3
1999,2,1
2000,6,1
2001,8,1
2002,6,1
2003,8,1
2004,4,1
2005,10,2
2006,81,14
2007,20,4
2008,10,2
2009,34,4
2010,36,7
2011,50,7
2012,109,14
2013,289,42
2014,643,88
2015,80,10
2016,61,8
2017,92,11
2018,81,10
2019,41,5
2020,73,11
2021,14,2
2022,13,2
2023,7,1
2024,25,3
2025,22,3
2026,64,8
2027,41,5
2028,0,0
2029,48,6
2030,68,9
2031,92,16
2032,25,3
2033,254,32
2034,47,7
2035,407,53
2036,270,36
2037,245,33
2038,69,14
2039,85,12
2040,156,31
2041,38,6
2042,1863,218
2043,24,5
2044,12,2
2045,2,1
2046,4,1
2047,110,14
2048,32,4
2049,306,41
2050,10,1
2051,27,4
2052,49,6
2053,10,1
2054,141,18
2055,5,1
2056,6,1
2057,41,6
2058,12,2
2059,24,4
2060,6,1
2061,4,1
2062,8,1
2063,9,1
2064,472,70
2065,132,25
2066,693,97
2067,24,3
2068,149,21
2069,133,20
2070,170,23
2071,7,1
2072,167,24
2073,68,14
2074,25,4
2075,783,99
2076,380,48
2077,8,1
2078,18,2
2079,56,11
2080,142,25
2081,232,31
2082,45,6
2083,8,1
2084,8,1
2085,8,1
2086,22,3
2087,86,14
2088,24,4
2089,69,10
2090,83,10
2091,120,17
2092,4,1
2093,72,9
2094,37,7
2095,10,2
2096,39,6
2097,110,13
2098,19,4
2099,44,6
2100,411,59
2101,253,36
2102,84,11
2103,53,7
2104,199,24
2105,42,5
2106,291,39
2107,58,9
2108,25,6
2109,10,2
2110,2,1
2111,98,13
2112,12,3
2113,15,3
2114,576,79
2115,86,11
2116,37,8
2117,8,1
2118,116,15
2119,58,8
2120,88,11
2121,26,6
2122,14,3
2123,55,7
2124,61,7
2125,63,9
2126,192,27
2127,10,1
2128,34,4
2129,25,3
2130,29,4
2131,16,2
2132,16,2
2133,37,6
2134,431,62
2135,260,39
2136,158,19
2137,10,1
2138,152,24
2139,92,12
2140,50,6
2141,33,4
2142,30,4
2143,16,2
2144,74,9
2145,10,1
2146,22,3
2147,175,24
2148,43,7
2149,173,22
2150,223,36
2151,50,7
2152,11,2
2153,160,22
2154,162,22
2155,2,1
2156,152,23
2157,274,36
2158,28,4
2159,34,4
2160,81,15
2161,749,97
2162,40,5
2163,31,4
2164,14,2
2165,8,1
2166,17,3
2167,22,3
2168,24,5
2169,4,1
2170,52,7
2171,22,3
2172,12,2
2173,5,2
2174,26,4
2175,6,1
2176,19,3
2177,79,17
2178,921,111
2179,195,26
2180,13,2
2181,72,8
2182,44,5
2183,66,9
2184,84,15
2185,108,19
2186,115,15
2187,386,52
2188,12,2
2189,6,1
2190,31,4
2191,12,2
2192,28,4
2193,209,29
2194,33,5
2195,8,1
2196,108,18
2197,272,39
2198,537,75
2199,327,49
2200,39,6
2201,113,16
2202,47,6
2203,6,1
2204,20,3
2205,194,28
2206,78,11
2207,16,4
2208,29,4
2209,67,9
2210,40,7
2211,110,14
2212,68,8
2213,72,8
2214,76,12
2215,59,8
2216,14,3
2217,292,42
2218,15,2
2219,107,13
2220,14,2
2221,21,3
2222,83,13
2223,12,2
2224,38,4
2225,16,4
2226,31,4
2227,22,3
2228,19,6
2229,13,2
2230,18,2
2231,72,15
2232,89,12
2233,125,15
2234,218,36
2235,53,14
2236,56,9
2237,57,9
2238,37,5
2239,194,27
2240,312,45
2241,218,31
2242,183,32
2243,86,15
2244,69,11
2245,96,12
2246,70,11
2247,75,11
2248,126,26
2249,72,9
2250,128,18
2251,39,11
2252,154,27
2253,67,12
2254,125,17
2255,55,8
2256,155,29
2257,81,12
2258,363,43
2259,2,1
2260,3,1
2261,4,1
2262,13,2
2263,6,1
2264,196,32
2265,23,5
2266,19,3
2267,9,1
2268,3,1
2269,8,1
2270,57,7
2271,156,21
2272,16,3
2273,278,39
2274,296,42
2275,19,2
2276,33,4
2277,100,13
2278,40,7
2279,41,5
2280,6,2
2281,9,1
2282,64,13
2283,161,22
2284,8,1
2285,8,3
2286,13,3
2287,19,3
2288,37,5
2289,154,19
2290,8,1
2291,17,2
2292,4,1
2293,84,10
2294,0,0
2295,60,7
2296,35,5
2297,8,1
2298,6,1
2299,75,9
2300,23,3
2301,9,1
2302,113,21
2303,96,15
2304,8,1
2305,77,10
2306,90,11
2307,163,22
2308,257,35
2309,299,38
2310,331,43
2311,22,3
2312,57,7
2313,13,2
2314,10,2
2315,16,2
2316,8,1
2317,8,1
2318,9,1
2319,36,4
2320,45,8
2321,217,31
2322,56,11
2323,4,1
2324,28,6
2325,8,3
2326,33,7
2327,18,3
2328,237,33
2329,76,11
2330,100,15
2331,22,5
2332,16,2
2333,8,1
2334,43,6
2335,6,1
2336,18,3
2337,494,70
2338,205,35
2339,8,1
2340,8,1
2341,25,3
2342,6,1
2343,284,41
2344,19,3
2345,458,62
2346,13,3
2347,218,27
2348,43,7
2349,6,1
2350,102,12
2351,24,4
2352,10,3
2353,6,2
2354,2,1
2355,2,1
2356,147,17
2357,30,4
2358,150,25
2359,58,14
2360,96,14
2361,2,1
2362,53,9
2363,28,4
2364,11,2
2365,16,2
2366,327,43
2367,8,1
2368,191,29
2369,111,18
2370,12,2
2371,9,2
2372,5,1
2373,0,0
2374,8,1
2375,79,13
2376,186,25
2377,48,8
2378,30,4
2379,156,18
2380,49,6
2381,43,5
2382,449,60
2383,8,1
2384,18,2
2385,88,13
2386,39,7
2387,120,18
2388,20,3
2389,550,75
2390,81,13
2391,55,10
2392,356,53
2393,8,1
2394,48,6
2395,10,1
2396,20,4
2397,64,8
2398,338,44
2399,24,4
2400,21,3
2401,90,11
2402,177,22
2403,67,9
2404,30,5
2405,122,15
2406,153,18
2407,246,36
2408,27,6
2409,57,8
2410,43,7
2411,65,9
2412,27,4
2413,35,6
2414,48,7
2415,56,10
2416,29,5
2417,111,15
2418,437,61
2419,34,5
2420,35,5
2421,10,1
2422,165,25
2423,447,59
2424,145,21
2425,20,3
2426,32,5
2427,13,2
2428,105,14
2429,14,3
2430,30,5
2431,18,2
2432,37,5
2433,63,8
2434,44,6
2435,90,13
2436,398,52
2437,24,5
2438,18,3
2439,226,33
2440,196,26
2441,29,5
2442,22,3
2443,15,3
2444,39,12
2445,49,7
2446,46,8
2447,10,1
2448,8,1
2449,16,2
2450,12,2
2451,16,4
2452,6,2
2453,2,1
2454,28,4
2455,8,2
2456,1339,170
2457,14,2
2458,14,2
2459,16,4
2460,8,1
2461,10,2
2462,4,1
2463,82,15
2464,9,1
2465,63,19
2466,39,6
2467,2,1
2468,8,2
2469,18,3
2470,32,5
2471,1,1
2472,30,4
2473,7,1
2474,47,8
2475,87,14
2476,66,10
2477,253,41
2478,85,12
2479,4,1
2480,6,1
2481,418,77
2482,271,43
2483,4,1
2484,31,4
2485,12,2
2486,57,7
2487,40,5
2488,8,1
2489,124,18
2490,10,1
2491,163,26
2492,129,18
2493,8,1
2494,16,2
2495,14,2
2496,43,8
2497,25,3
2498,98,13
2499,17,2
2500,6,1
2501,8,2
2502,6,1
2503,4,1
2504,4,1
2505,2,1
2506,110,15
2507,5,1
2508,488,62
2509,38,5
2510,18,2
2511,8,1
2512,67,8
2513,75,10
2514,33,4
2515,10,1
2516,15,2
2517,37,5
2518,152,19
2519,43,7
2520,88,15
2521,10,1
2522,6,1
2523,34,8
2524,8,2
2525,19,3
2526,122,21
2527,219,34
2528,82,13
2529,5,1
2530,81,13
2531,265,38
2532,323,40
2533,157,24
2534,37,8
2535,48,8
2536,54,10
2537,61,10
2538,4,1
2539,10,3
2540,8,1
2541,17,3
2542,8,1
2543,11,2
2544,2,1
2545,393,61
2546,8,1
2547,38,5
2548,33,5
2549,14,2
2550,36,5
2551,69,8
2552,30,4
2553,24,3
2554,143,17
2555,24,4
2556,23,3
2557,129,17
2558,6,1
2559,8,1
2560,12,2
2561,7,1
2562,216,28
2563,90,11
2564,73,10
2565,12,3
2566,101,19
2567,198,29
2568,16,2
2569,554,78
2570,284,46
2571,469,68
2572,40,9
2573,279,44
2574,8,1
2575,14,2
2576,21,3
2577,8,1
2578,103,16
2579,12,2
2580,25,6
2581,10,3
2582,5,2
2583,20,3
2584,32,6
2585,24,3
2586,8,2
2587,6,4
2588,87,11
2589,57,11
2590,292,50
2591,16,2
2592,44,6
2593,7,1
2594,16,2
2595,102,16
2596,10,1
2597,984,133
2598,10,2
2599,10,1
2600,16,3
2601,160,25
2602,19,6
2603,32,4
2604,16,4
2605,6,1
2606,8,1
2607,229,35
2608,18,3
2609,55,7
2610,25,3
2611,76,9
2612,8,1
2613,24,3
2614,73,16
2615,16,2
2616,53,11
2617,159,29
2618,179,39
2619,133,23
2620,6,2
2621,86,11
2622,8,1
2623,12,2
2624,26,6
2625,15,3
2626,4,1
2627,10,3
2628,24,5
2629,34,6
2630,19,4
2631,60,9
2632,29,4
2633,4,1
2634,16,2
2635,88,13
2636,8,1
2637,35,5
2638,15,2
2639,102,19
2640,15,2
2641,274,45
2642,21,5
2643,26,4
2644,178,26
2645,6,1
2646,39,5
2647,7,1
2648,44,7
2649,40,9
2650,8,2
2651,183,34
2652,9,3
2653,8,1
2654,27,6
2655,127,19
2656,8,1
2657,3,1
2658,50,8
2659,642,83
2660,10,2
2661,2,1
2662,8,1
2663,13,2
2664,10,2
2665,9,3
2666,16,4
2667,159,20
2668,391,53
2669,10,2
2670,8,1
2671,44,6
2672,307,41
2673,101,15
2674,59,9
2675,5,1
2676,2,1
2677,47,6
2678,6,1
2679,32,6
2680,30,4
2681,10,2
2682,17,4
2683,14,2
2684,1,1
2685,21,4
2686,11,2
2687,10,1
2688,10,1
2689,10,1
2690,10,1
2691,47,8
2692,6,1
2693,25,5
2694,20,3
2695,622,91
2696,753,96
2697,57,8
2698,10,1
2699,43,7
2700,17,4
2701,19,6
2702,16,3
2703,4,1
2704,58,8
2705,3,1
2706,15,2
2707,18,3
2708,7,1
2709,14,2
2710,285,37
2711,166,27
2712,179,26
2713,11,2
2714,132,16
2715,9,4
2716,6,1
2717,92,15
2718,120,24
2719,95,14
2720,61,13
2721,75,9
2722,147,21
2723,39,6
2724,112,20
2725,29,6
2726,16,2
2727,18,4
2728,50,9
2729,37,5
2730,36,6
2731,508,73
2732,44,12
2733,73,12
2734,73,14
2735,18,3
2736,208,27
2737,79,12
2738,47,7
2739,150,20
2740,92,13
2741,12,2
2742,773,93
2743,20,4
2744,331,47
2745,99,14
2746,339,54
2747,208,28
2748,76,13
2749,43,5
2750,740,100
2751,144,23
2752,13,3
2753,391,64
2754,716,94
2755,93,12
2756,18,5
2757,10,2
2758,8,1
2759,102,13
2760,546,70
2761,17,3
2762,69,11
2763,61,8
2764,100,16
2765,102,14
2766,27,4
2767,20,3
2768,8,1
2769,66,9
2770,57,8
2771,10,2
2772,91,16
2773,16,2
2774,46,7
2775,16,2
2776,54,8
2777,20,4
2778,7,1
2779,5,1
2780,27,4
2781,38,7
2782,128,22
2783,8,1
2784,17,2
2785,13,2
2786,11,3
2787,14,2
2788,8,1
2789,109,19
2790,313,46
2791,35,5
2792,4,1
2793,57,8
2794,9,2
2795,3,1
2796,42,6
2797,79,10
2798,14,5
2799,168,22
2800,36,7
2801,6,1
2802,6,1
2803,12,2
2804,4,1
2805,10,1
2806,26,3
2807,75,12
2808,4,1
2809,10,4
2810,3,2
2811,28,4
2812,10,3
2813,193,26
2814,2,1
2815,11,3
2816,11,3
2817,42,8
2818,41,8
2819,10,1
2820,4,2
2821,20,4
2822,17,2
2823,7,1
2824,118,14
2825,18,3
2826,16,2
2827,229,39
2828,61,11
2829,17,2
2830,58,12
2831,53,8
2832,4,1
2833,9,1
2834,25,6
2835,38,7
2836,154,23
2837,10,2
2838,60,10
2839,22,4
2840,6,1
2841,42,6
2842,10,1
2843,4,1
2844,23,3
2845,5,1
2846,16,2
2847,26,4
2848,16,2
2849,23,3
2850,6,1
2851,6,1
2852,13,2
2853,6,1
2854,38,6
2855,38,6
2856,12,3
2857,47,6
2858,45,6
2859,6,1
2860,75,13
2861,25,6
2862,17,2
2863,20,3
2864,34,5
2865,21,4
2866,281,40
2867,11,2
2868,56,7
2869,1311,159
2870,43,10
2871,35,5
2872,165,28
2873,24,6
2874,32,5
2875,107,17
2876,389,51
2877,4,1
2878,21,5
2879,4,1
2880,8,1
2881,100,21
2882,21,6
2883,4,1
2884,13,2
2885,57,13
2886,44,10
2887,22,3
2888,28,4
2889,4,1
2890,527,67
2891,16,2
2892,30,5
2893,10,2
2894,278,45
2895,18,2
2896,29,5
2897,10,2
2898,25,3
2899,64,9
2900,7,1
2901,6,1
2902,17,3
2903,17,3
2904,4,1
2905,60,11
2906,14,2
2907,20,4
2908,16,2
2909,12,2
2910,15,2
2911,19,2
2912,24,3
2913,36,5
2914,13,4
2915,1315,170
2916,9,1
2917,395,55
2918,255,43
2919,14,2
2920,8,2
2921,15,3
2922,209,31
2923,75,10
2924,8,1
2925,8,1
2926,79,11
2927,115,16
2928,22,3
2929,64,10
2930,46,5
2931,14,2
2932,47,11
2933,9,1
2934,164,27
2935,211,34
2936,24,3
2937,23,3
2938,60,8
2939,17,2
2940,104,16
2941,6,1
2942,5,1
2943,8,2
2944,38,5
2945,9,1
2946,54,8
2947,219,32
2948,127,19
2949,232,40
2950,52,11
2951,276,45
2952,374,56
2953,1,1
2954,34,5
2955,19,3
2956,9,1
2957,104,14
2958,27,4
2959,6,1
2960,62,11
2961,68,9
2962,138,26
2963,29,4
2964,14,2
2965,18,3
2966,9,1
2967,3,1
2968,55,10
2969,10,2
2970,10,1
2971,8,1
2972,44,5
2973,9,1
2974,7,1
2975,20,3
2976,8,1
2977,3,2
2978,34,4
2979,6,1
2980,16,2
2981,16,2
2982,66,9
2983,13,2
2984,18,2
2985,33,4
2986,17,2
2987,8,1
2988,6,1
2989,63,8
2990,25,3
2991,16,3
2992,11,2
2993,8,1
2994,208,31
2995,404,64
2996,142,20
2997,4,1
2998,51,7
2999,7,1
3000,32,6
3001,7,1
3002,10,1
3003,8,1
3004,8,1
3005,6,2
3006,4,1
3007,36,5
3008,37,5
3009,10,2
3010,98,13
3011,12,2
3012,9,3
3013,6,1
3014,29,5
3015,8,1
3016,14,3
3017,31,8
3018,14,2
3019,17,3
3020,19,3
3021,9,3
3022,15,2
3023,65,11
3024,20,3
3025,166,24
3026,4,1
3027,18,3
3028,10,1
3029,7,1
3030,6,1
3031,36,6
3032,132,16
3033,8,1
3034,13,4
3035,3,1
3036,6,1
3037,19,3
3038,56,8
3039,29,5
3040,4,1
3041,12,2
3042,30,4
3043,60,9
3044,14,3
3045,6,1
3046,2,1
3047,14,2
3048,6,1
3049,31,5
3050,10,2
3051,31,4
3052,16,3
3053,30,4
3054,27,4
3055,26,3
3056,14,2
3057,29,5
3058,131,20
3059,47,6
3060,21,3
3061,67,9
3062,6,1
3063,69,14
3064,8,1
3065,11,3
3066,34,6
3067,10,2
3068,5,1
3069,18,3
3070,4,1
3071,13,2
3072,23,3
3073,10,2
3074,2,2
3075,8,1
3076,8,1
3077,4,1
3078,27,4
3079,36,8
3080,8,2
3081,30,5
3082,9,2
3083,6,1
3084,7,1
3085,4,1
3086,10,2
3087,13,2
3088,18,3
3089,5,1
3090,29,4
3091,9,2
3092,4,1
3093,8,1
3094,9,1
3095,4,1
3096,5,1
3097,8,1
3098,42,6
3099,14,2
3100,9,2
3101,10,2
3102,143,20
3103,18,3
3104,12,3
3105,14,2
3106,25,4
3107,7,2
3108,2,1
3109,12,2
3110,16,2
3111,2,1
3112,14,3
3113,205,36
3114,30,4
3115,238,34
3116,92,11
3117,269,49
3118,22,3
3119,9,1
3120,3,1
3121,51,7
3122,6,1
3123,39,7
3124,7,1
3125,12,2
3126,19,3
3127,6,1
3128,5,1
3129,7,1
3130,11,2
3131,10,3
3132,2,1
3133,23,6
3134,79,13
3135,62,9
3136,75,13
3137,51,7
3138,13,2
3139,7,1
3140,20,3
3141,13,2
3142,21,4
3143,11,2
3144,164,27
3145,209,31
3146,27,4
3147,6,1
3148,6,1
3149,18,2
3150,17,3
3151,7,1
3152,16,2
3153,50,7
3154,8,2
3155,6,1
3156,8,1
3157,276,45
3158,42,8
3159,399,55
3160,17,4
3161,6,1
3162,11,3
3163,29,4
3164,110,18
3165,34,9
3166,15,3
3167,215,34
3168,26,5
3169,16,3
3170,32,4
3171,7,1
3172,52,7
3173,13,2
3174,35,7
3175,29,4
3176,25,6
3177,5,2
3178,1,1
3179,47,6
3180,6,2
3181,15,3
3182,8,1
3183,26,3
3184,11,2
3185,16,3
3186,7,1
3187,24,4
3188,26,6
3189,1,1
3190,387,51
3191,5,1
3192,8,2
3193,10,2
3194,8,1
3195,2,1
3196,67,10
3197,26,3
3198,25,4
3199,18,3
3200,22,3
3201,13,2
3202,7,1
3203,16,2
3204,24,4
3205,29,4
3206,7,1
3207,19,4
3208,25,3
3209,4,1
3210,12,2
3211,26,6
3212,10,1
3213,35,6
3214,379,54
3215,4,1
3216,31,5
3217,157,25
3218,6,1
3219,17,2
3220,6,1
3221,7,1
3222,8,1
3223,20,3
3224,15,2
3225,8,1
3226,32,6
3227,8,3
3228,12,2
3229,392,51
3230,20,3
3231,27,4
3232,10,3
3233,151,20
3234,61,8
3235,4,1
3236,10,3
3237,13,2
3238,5,1
3239,146,20
3240,45,8
3241,31,5
3242,7,1
3243,140,19
3244,230,33
3245,59,12
3246,7,1
3247,868,109
3248,6,1
3249,70,9
3250,4,1
3251,1022,132
3252,77,14
3253,31,4
3254,48,7
3255,188,31
3256,10,2
3257,21,4
3258,35,8
3259,30,5
3260,188,27
3261,60,10
3262,8,2
3263,14,2
3264,30,4
3265,63,8
3266,28,5
3267,20,3
3268,8,1
3269,14,2
3270,22,3
3271,40,5
3272,6,1
3273,6,1
3274,19,4
3275,2,1
3276,60,9
3277,6,1
3278,51,8
3279,9,1
3280,8,1
3281,8,1
3282,14,2
3283,48,7
3284,4,1
3285,5,1
3286,27,3
3287,14,2
3288,130,20
3289,13,2
3290,5,1
3291,4,1
3292,7,1
3293,14,2
3294,6,1
3295,29,4
3296,8,1
3297,31,5
3298,72,14
3299,301,44
3300,31,4
3301,14,2
3302,46,6
3303,501,68
3304,8,1
3305,6,2
3306,4,1
3307,53,9
3308,32,5
3309,20,3
3310,109,17
3311,70,10
3312,984,123
3313,7,1
3314,49,7
3315,5,1
3316,79,9
3317,48,8
3318,381,50
3319,15,2
3320,8,1
3321,200,27
3322,128,17
3323,36,6
3324,17,3
3325,16,2
3326,79,15
3327,30,5
3328,4,1
3329,10,2
3330,22,3
3331,49,6
3332,50,8
3333,3,1
3334,18,3
3335,58,9
3336,28,6
3337,79,11
3338,3,1
3339,7,1
3340,45,8
3341,10,1
3342,362,46
3343,14,2
3344,6,1
3345,245,32
3346,80,13
3347,98,14
3348,8,1
3349,13,2
3350,8,1
3351,103,13
3352,19,3
3353,22,3
3354,15,3
3355,6,1
3356,26,5
3357,28,5
3358,14,2
3359,10,1
3360,30,5
3361,50,9
3362,25,7
3363,9,1
3364,20,4
3365,20,4
3366,165,24
3367,29,7
3368,64,11
3369,8,1
3370,173,24
3371,3,1
3372,6,1
3373,11,2
3374,8,1
3375,7,1
3376,25,3
3377,8,1
3378,21,3
3379,52,11
3380,12,2
3381,92,12
3382,10,2
3383,23,3
3384,59,9
3385,30,4
3386,108,18
3387,120,18
3388,9,1
3389,5,1
3390,44,7
3391,6,1
3392,10,2
3393,126,22
3394,14,2
3395,8,1
3396,18,2
3397,24,3
3398,3,1
3399,4,1
3400,7,1
3401,11,2
3402,4,1
3403,6,1
3404,3,1
3405,20,4
3406,627,85
3407,185,30
3408,48,10
3409,27,4
3410,17,2
3411,166,21
3412,9,2
3413,7,1
3414,8,1
3415,14,2
3416,8,1
3417,8,1
3418,10,1
3419,10,1
3420,17,4
3421,49,9
3422,11,4
3423,24,3
3424,218,34
3425,19,4
3426,11,2
3427,8,2
3428,18,4
3429,73,11
3430,222,37
3431,79,12
3432,5,1
3433,8,1
3434,3,1
3435,2,1
3436,17,2
3437,13,2
3438,5,1
3439,8,1
3440,18,2
3441,142,18
3442,54,7
3443,60,9
3444,85,11
3445,58,10
3446,35,5
3447,392,60
3448,8,1
3449,48,7
3450,6,1
3451,107,19
3452,41,8
3453,6,1
3454,40,7
3455,101,22
3456,44,7
3457,42,6
3458,4,1
3459,8,1
3460,19,8
3461,11,2
3462,53,7
3463,10,1
3464,67,10
3465,20,3
3466,6,2
3467,17,3
3468,4,1
3469,47,6
3470,15,2
3471,6,1
3472,7,2
3473,10,2
3474,8,1
3475,864,122
3476,6,1
3477,1,1
3478,14,2
3479,6,1
3480,7,2
3481,45,9
3482,49,7
3483,7,1
3484,8,1
3485,6,1
3486,327,44
3487,51,6
3488,77,10
3489,18,3
3490,6,1
3491,9,1
3492,24,3
3493,218,33
3494,14,2
3495,6,1
3496,10,2
3497,16,2
3498,101,17
3499,33,9
3500,27,3
3501,15,2
3502,19,4
3503,23,4
3504,25,4
3505,10,1
3506,23,3
3507,855,112
3508,97,17
3509,46,8
3510,42,6
3511,18,3
3512,6,1
3513,17,2
3514,15,3
3515,38,5
3516,6,1
3517,18,3
3518,22,4
3519,6,1
3520,4,1
3521,6,2
3522,221,29
3523,873,120
3524,51,7
3525,14,2
3526,4,1
3527,128,22
3528,32,5
3529,30,5
3530,3,1
3531,4,1
3532,5,1
3533,22,3
3534,5,1
3535,10,2
3536,98,18
3537,345,49
3538,10,1
3539,26,3
3540,11,3
3541,14,2
3542,23,3
3543,12,3
3544,31,4
3545,44,8
3546,42,6
3547,26,5
3548,370,65
3549,23,3
3550,20,3
3551,10,2
3552,10,1
3553,8,1
3554,21,3
3555,9,1
3556,13,2
3557,84,10
3558,26,7
3559,399,63
3560,31,7
3561,77,12
3562,20,3
3563,133,24
3564,50,7
3565,13,2
3566,10,1
3567,13,2
3568,28,4
3569,14,3
3570,43,8
3571,7,1
3572,28,4
3573,132,19
3574,13,2
3575,30,7
3576,11,2
3577,10,1
3578,6,2
3579,6,2
3580,65,9
3581,94,15
3582,9,2
3583,30,4
3584,30,5
3585,7,1
3586,48,8
3587,2,1
3588,5,1
3589,17,3
3590,8,2
3591,40,7
3592,13,2
3593,39,5
3594,38,7
3595,32,7
3596,183,26
3597,88,12
3598,7,1
3599,43,8
3600,7,1
3601,25,6
3602,14,2
3603,18,3
3604,5,1
3605,2,1
3606,3,1
3607,7,2
3608,8,1
3609,7,1
3610,18,2
3611,7,1
3612,10,1
3613,85,11
3614,10,2
3615,12,3
3616,11,2
3617,4,1
3618,23,3
3619,7,1
3620,195,25
3621,16,2
3622,171,28
3623,50,10
3624,21,3
3625,35,5
3626,4,1
3627,213,31
3628,36,5
3629,15,2
3630,6,1
3631,10,2
3632,18,2
3633,4,1
3634,21,3
3635,21,3
3636,32,4
3637,6,1
3638,78,11
3639,6,1
3640,9,1
3641,7,1
3642,3,1
3643,25,5
3644,36,5
3645,13,2
3646,20,4
3647,438,58
3648,12,2
3649,239,33
3650,2,1
3651,16,3
3652,301,47
3653,19,3
3654,13,2
3655,6,1
3656,17,2
3657,11,2
3658,4,1
3659,133,16
3660,73,11
3661,9,2
3662,14,3
3663,8,1
3664,1,1
3665,4,1
3666,13,2
3667,11,2
3668,29,4
3669,0,0
3670,10,1
3671,8,1
3672,7,2
3673,3,1
3674,8,1
3675,10,1
3676,10,1
3677,60,7
3678,6,1
3679,8,2
3680,9,1
3681,7,1
3682,6,1
3683,1,1
3684,19,2
3685,6,1
3686,4,1
3687,6,1
3688,147,19
3689,45,9
3690,119,17
3691,9,1
3692,5,1
3693,22,3
3694,121,16
3695,44,6
3696,25,5
3697,4,1
3698,7,1
3699,8,1
3700,35,7
3701,23,5
3702,27,4
3703,270,41
3704,85,11
3705,734,102
3706,9,1
3707,21,3
3708,7,1
3709,5,1
3710,8,1
3711,28,3
3712,4,1
3713,8,1
3714,10,3
3715,20,4
3716,7,1
3717,13,2
3718,2,1
3719,18,2
3720,158,27
3721,24,5
3722,5,1
3723,39,5
3724,113,14
3725,7,2
3726,123,20
3727,57,8
3728,3,1
3729,2,1
3730,10,1
3731,10,1
3732,18,2
3733,21,4
3734,13,2
3735,8,1
3736,32,4
3737,41,8
3738,9,1
3739,363,46
3740,341,44
3741,33,5
3742,9,1
3743,19,2
3744,18,2
3745,5,1
3746,8,2
3747,6,1
3748,6,1
3749,15,2
3750,18,2
3751,35,6
3752,34,6
3753,99,19
3754,118,19
3755,165,26
3756,6,1
3757,17,2
3758,26,4
3759,1512,188
3760,8,1
3761,169,22
3762,64,9
3763,387,55
3764,124,19
3765,59,9
3766,3,1
3767,2,1
3768,25,3
3769,8,1
3770,5,1
3771,64,10
3772,293,37
3773,6,1
3774,7,1
3775,6,1
3776,14,2
3777,8,1
3778,21,4
3779,902,115
3780,7,1
3781,365,49
3782,111,15
3783,29,5
3784,16,2
3785,378,46
3786,9,2
3787,57,7
3788,20,3
3789,108,15
3790,18,3
3791,44,8
3792,6,1
3793,20,4
3794,7,2
3795,25,5
3796,622,75
3797,7,1
3798,15,3
3799,14,2
3800,29,5
3801,25,3
3802,4,1
3803,14,2
3804,6,1
3805,13,2
3806,6,1
3807,19,4
3808,17,4
3809,23,3
3810,4,1
3811,8,1
3812,25,3
3813,9,2
3814,4,1
3815,61,10
3816,114,17
3817,12,2
3818,37,6
3819,20,3
3820,8,1
3821,8,1
3822,8,1
3823,11,2
3824,10,1
3825,7,1
3826,27,4
3827,8,1
3828,75,9
3829,7,1
3830,10,2
3831,16,2
3832,8,1
3833,11,2
3834,9,2
3835,12,2
3836,4,1
3837,17,3
3838,6,2
3839,190,29
3840,122,19
3841,160,32
3842,6,1
3843,17,2
3844,19,3
3845,29,8
3846,10,2
3847,21,3
3848,8,1
3849,8,1
3850,6,1
3851,23,3
3852,34,4
3853,18,3
3854,6,1
3855,61,8
3856,274,39
3857,10,1
3858,23,3
3859,16,2
3860,21,3
3861,20,3
3862,10,1
3863,7,1
3864,6,2
3865,5,1
3866,6,1
3867,23,6
3868,37,7
3869,70,9
3870,18,3
3871,15,2
3872,12,2
3873,264,40
3874,18,3
3875,20,4
3876,6,1
3877,13,2
3878,6,1
3879,8,1
3880,8,1
3881,7,1
3882,26,3
3883,8,1
3884,51,9
3885,11,2
3886,8,1
3887,76,11
3888,14,2
3889,7,1
3890,8,1
3891,19,4
3892,37,7
3893,19,4
3894,19,2
3895,15,2
3896,38,8
3897,9,2
3898,49,8
3899,4,1
3900,15,2
3901,17,2
3902,4,1
3903,7,1
3904,8,1
3905,9,2
3906,201,32
3907,8,1
3908,208,34
3909,31,4
3910,7,1
3911,38,7
3912,21,3
3913,53,11
3914,4,1
3915,105,14
3916,137,20
3917,63,9
3918,27,3
3919,40,5
3920,2,1
3921,58,8
3922,72,10
3923,25,3
3924,21,4
3925,5,1
3926,10,2
3927,8,2
3928,11,3
3929,4,1
3930,13,3
3931,6,2
3932,34,6
3933,162,22
3934,10,2
3935,21,3
3936,6,1
3937,12,2
3938,102,13
3939,24,4
3940,566,76
3941,21,3
3942,23,3
3943,6,1
3944,28,4
3945,28,6
3946,26,4
3947,4,1
3948,7,1
3949,28,3
3950,2,1
3951,12,2
3952,7,1
3953,644,96
3954,58,10
3955,32,4
3956,1,1
3957,471,71
3958,13,3
3959,32,4
3960,14,2
3961,1117,141
3962,427,59
3963,12,2
3964,55,7
3965,6,1
3966,105,14
3967,8,1
3968,22,3
3969,7,1
3970,7,1
3971,10,1
3972,13,2
3973,10,1
3974,15,2
3975,15,2
3976,8,1
3977,8,1
3978,8,1
3979,2,1
3980,6,2
3981,8,1
3982,12,2
3983,6,1
3984,113,14
3985,20,2
3986,16,2
3987,6,1
3988,8,1
3989,7,1
3990,7,1
3991,49,5
3992,46,6
3993,8,2
3994,6,1
3995,21,3
3996,6,1
3997,6,1
3998,6,1
3999,43,11
4000,5,3
4001,41,7
4002,4,1
4003,461,58
4004,7,1
4005,6,1
4006,1,1
4007,9,1
4008,7,1
4009,9,2
4010,10,2
4011,6,1
4012,4,1
4013,17,2
4014,169,33
4015,53,11
4016,44,6
4017,274,45
4018,36,5
4019,7,1
4020,9,1
4021,9,2
4022,98,17
4023,21,3
4024,77,13
4025,8,1
4026,87,12
4027,5,2
4028,1,1
4029,14,3
4030,20,4
4031,4,1
4032,6,1
4033,5,1
4034,90,17
4035,133,18
4036,12,3
4037,21,3
4038,13,2
4039,8,1
4040,14,2
4041,8,1
4042,2,1
4043,14,2
4044,7,1
4045,16,2
4046,10,2
4047,14,3
4048,99,16
4049,3,1
4050,8,1
4051,52,6
4052,8,1
4053,154,24
4054,93,14
4055,7,1
4056,6,1
4057,7,1
4058,5,1
4059,8,1
4060,10,1
4061,16,3
4062,42,9
4063,11,2
4064,71,9
4065,130,17
4066,35,6
4067,138,18
4068,19,5
4069,20,4
4070,4,1
4071,21,3
4072,30,4
4073,13,3
4074,48,7
4075,21,4
4076,8,1
4077,53,7
4078,20,3
4079,7,1
4080,8,1
4081,27,4
4082,110,16
4083,7,1
4084,76,11
4085,34,5
4086,42,6
4087,9,1
4088,7,1
4089,0,0
4090,41,6
4091,9,2
4092,8,1
4093,8,1
4094,16,2
4095,27,5
4096,7,1
4097,8,1
4098,5,1
4099,4,1
4100,15,4
4101,5,1
4102,6,1
4103,23,5
4104,5,1
4105,7,1
4106,46,8
4107,253,34
4108,90,14
4109,29,4
4110,597,74
4111,38,5
4112,7,1
4113,5,1
4114,10,2
4115,47,7
4116,36,5
4117,58,8
4118,15,2
4119,8,2
4120,18,4
4121,4,1
4122,6,1
4123,17,3
4124,5,1
4125,7,1
4126,84,12
4127,231,33
4128,93,14
4129,12,2
4130,34,7
4131,107,17
4132,59,9
4133,8,1
4134,6,1
4135,14,2
4136,6,1
4137,59,8
4138,8,1
4139,25,3
4140,36,5
4141,13,2
4142,8,1
4143,21,3
4144,30,4
4145,31,4
4146,4,1
4147,21,3
4148,39,11
4149,134,18
4150,6,1
4151,11,2
4152,14,3
4153,7,1
4154,4,1
4155,32,4
4156,6,1
4157,25,5
4158,25,5
4159,9,2
4160,6,1
4161,6,1
4162,20,2
4163,48,6
4164,6,1
4165,36,5
4166,10,1
4167,7,1
4168,6,1
4169,0,0
4170,14,3
4171,11,2
4172,29,4
4173,2,1
4174,16,2
4175,98,13
4176,15,2
4177,4,1
4178,14,2
4179,449,66
4180,86,12
4181,48,7
4182,23,3
4183,386,52
4184,9,4
4185,127,20
4186,1038,131
4187,117,17
4188,26,7
4189,43,7
4190,5,1
4191,6,1
4192,12,2
4193,17,3
4194,7,1
4195,41,5
4196,91,20
4197,12,2
4198,64,9
4199,77,10
4200,20,3
4201,7,1
4202,16,2
4203,13,2
4204,7,1
4205,15,2
4206,21,3
4207,8,1
4208,49,7
4209,498,79
4210,288,39
4211,8,1
4212,8,1
4213,447,59
4214,91,13
4215,11,2
4216,8,1
4217,7,1
4218,22,3
4219,21,5
4220,56,9
4221,165,25
4222,175,26
4223,50,10
4224,12,3
4225,8,1
4226,7,1
4227,7,1
4228,23,3
4229,1,1
4230,9,1
4231,15,2
4232,8,1
4233,5,1
4234,36,6
4235,32,5
4236,26,4
4237,139,21
4238,15,2
4239,7,1
4240,10,1
4241,8,1
4242,6,1
4243,28,4
4244,7,1
4245,11,2
4246,98,13
4247,13,2
4248,26,7
4249,12,2
4250,4,1
4251,9,2
4252,24,4
4253,45,6
4254,98,17
4255,3,1
4256,56,8
4257,45,5
4258,6,1
4259,56,7
4260,19,3
4261,9,3
4262,21,3
4263,39,5
4264,11,2
4265,0,0
4266,236,30
4267,9,1
4268,15,2
4269,19,4
4270,32,5
4271,50,7
4272,11,2
4273,8,1
4274,8,1
4275,61,8
4276,44,7
4277,9,1
4278,8,1
4279,5,1
4280,5,1
4281,38,5
4282,19,3
4283,55,11
4284,5,1
4285,27,4
4286,6,1
4287,15,2
4288,6,1
4289,8,1
4290,14,2
4291,8,1
4292,17,2
4293,7,1
4294,15,2
4295,24,3
4296,8,1
4297,8,1
4298,39,6
4299,4,1
4300,28,4
4301,8,1
4302,10,1
4303,21,3
4304,5,1
4305,7,1
4306,7,1
4307,62,8
4308,23,3
4309,14,2
4310,24,3
4311,15,2
4312,6,1
4313,30,4
4314,13,2
4315,7,1
4316,16,2
4317,8,1
4318,16,2
4319,298,38
4320,16,2
4321,14,2
4322,15,2
4323,10,1
4324,36,6
4325,20,4
4326,7,1
4327,16,3
4328,11,2
4329,13,2
4330,6,1
4331,1,1
4332,26,5
4333,25,4
4334,23,5
4335,10,1
4336,62,9
4337,19,3
4338,4,1
4339,7,1
4340,6,1
4341,74,9
4342,71,10
4343,54,7
4344,8,1
4345,18,3
4346,484,62
4347,529,69
4348,56,10
4349,81,12
4350,56,10
4351,42,8
4352,68,9
4353,120,17
4354,31,8
4355,79,12
4356,99,17
4357,37,6
4358,6,1
4359,6,1
4360,63,8
4361,14,2
4362,146,24
4363,9,2
4364,7,1
4365,7,1
4366,6,1
4367,5,1
4368,7,1
4369,9,1
4370,7,1
4371,4,1
4372,12,2
4373,12,2
4374,6,1
4375,6,1
4376,23,3
4377,15,2
4378,7,1
4379,17,2
4380,28,4
4381,25,3
4382,8,1
4383,9,1
4384,8,1
4385,13,2
4386,5,1
4387,22,3
4388,20,4
4389,51,6
4390,41,6
4391,24,3
4392,8,1
4393,2,1
4394,76,11
4395,8,1
4396,334,46
4397,45,8
4398,64,8
4399,16,4
4400,22,4
4401,17,4
4402,7,1
4403,13,3
4404,4,1
4405,67,10
4406,8,1
4407,97,13
4408,8,1
4409,2,1
4410,65,9
4411,5,1
4412,334,47
4413,26,4
4414,22,3
4415,7,1
4416,32,4
4417,8,1
4418,10,2
4419,12,2
4420,20,3
4421,22,3
4422,1,1
4423,8,2
4424,19,4
4425,94,15
4426,68,13
4427,25,6
4428,34,5
4429,11,2
4430,175,23
4431,73,11
4432,138,21
4433,7,1
4434,45,6
4435,7,1
4436,17,2
4437,8,1
4438,7,1
4439,22,4
4440,7,1
4441,8,1
4442,125,20
4443,99,15
4444,21,3
4445,6,1
4446,16,2
4447,20,3
4448,7,1
4449,125,16
4450,1090,131
4451,26,4
4452,8,1
4453,47,8
4454,72,14
4455,7,1
4456,18,4
4457,161,20
4458,6,1
4459,277,41
4460,43,7
4461,36,6
4462,7,1
4463,42,6
4464,47,7
4465,44,7
4466,30,4
4467,159,20
4468,3,1
4469,11,2
4470,3,1
4471,5,1
4472,53,7
4473,851,110
4474,98,14
4475,13,2
4476,7,1
4477,134,21
4478,254,35
4479,22,4
4480,10,2
4481,22,4
4482,293,39
4483,130,24
4484,6,1
4485,329,48
4486,9,1
4487,43,6
4488,5,1
4489,8,1
4490,32,4
4491,105,13
4492,8,1
4493,8,1
4494,16,2
4495,26,4
4496,8,1
4497,7,1
4498,5,1
4499,10,2
4500,24,3
4501,92,12
4502,53,8
4503,9,1
4504,50,8
4505,22,3
4506,13,2
4507,16,2
4508,32,4
4509,18,2
4510,9,1
4511,5,1
4512,14,2
4513,22,3
4514,8,1
4515,33,6
4516,1,1
4517,12,2
4518,15,2
4519,28,5
4520,12,3
4521,15,2
4522,64,9
4523,37,5
4524,33,5
4525,4,1
4526,16,2
4527,33,4
4528,4,1
4529,4,1
4530,8,1
4531,8,1
4532,7,1
4533,22,4
4534,6,1
4535,22,3
4536,6,1
4537,1,1
4538,14,2
4539,31,4
4540,8,1
4541,14,2
4542,16,2
4543,42,6
4544,29,4
4545,32,4
4546,19,2
4547,7,1
4548,3,1
4549,12,2
4550,7,1
4551,0,0
4552,63,8
4553,20,3
4554,8,1
4555,22,3
4556,10,1
4557,15,2
4558,6,1
4559,7,1
4560,7,1
4561,7,1
4562,7,1
4563,17,3
4564,7,1
4565,7,1
4566,19,3
4567,15,2
4568,35,4
4569,9,1
4570,27,5
4571,18,3
4572,7,1
4573,6,1
4574,8,2
4575,13,2
4576,15,2
4577,28,4
4578,14,2
4579,7,1
4580,6,1
4581,7,1
4582,7,1
4583,7,1
4584,8,1
4585,15,2
4586,22,3
4587,56,7
4588,8,1
4589,14,2
4590,7,1
4591,9,1
4592,9,1
4593,8,1
4594,6,1
4595,4,1
4596,9,1
4597,7,1
4598,53,7
4599,78,9
4600,26,4
4601,42,5
4602,8,1
4603,2,1
4604,5,1
4605,4,1
4606,22,3
4607,5,1
4608,24,3
4609,8,1
4610,32,4
4611,22,3
4612,7,1
4613,16,2
4614,8,1
4615,14,2
4616,9,1
4617,22,3
4618,56,7
4619,3,1
4620,22,3
4621,4,1
4622,6,1
4623,6,1
4624,7,1
4625,7,1
4626,18,3
4627,8,1
4628,7,1
4629,41,5
4630,7,1
4631,78,9
4632,1,1
4633,1,1
4634,9,2
4635,17,2
4636,7,1
4637,8,1
4638,5,1
4639,45,6
4640,35,5
4641,8,1
4642,16,2
4643,46,7
4644,19,3
4645,7,1
4646,6,1
4647,8,1
4648,8,1
4649,7,1
4650,8,1
4651,10,2
4652,49,6
4653,8,1
4654,7,1
4655,16,2
4656,1,1
4657,10,1
4658,8,1
4659,8,1
4660,51,6
4661,25,3
4662,7,1
4663,27,5
4664,17,2
4665,7,1
4666,3,2
4667,7,1
4668,7,1
4669,17,2
4670,8,1
4671,7,1
4672,7,1
4673,16,2
4674,8,1
4675,53,7
4676,23,3
4677,658,92
4678,305,50
4679,22,4
4680,15,2
4681,109,14
4682,728,93
4683,16,3
4684,95,12
4685,152,23
4686,23,5
4687,54,12
4688,5,1
4689,246,37
4690,8,1
4691,6,1
4692,5,1
4693,5,1
4694,2,1
4695,6,1
4696,8,5
4697,6,1
4698,4,1
4699,18,2
4700,7,1
4701,8,1
4702,4,1
4703,8,1
4704,3,1
4705,5,1
4706,2,1
4707,6,1
4708,13,2
4709,7,1
4710,7,1
4711,7,1
4712,7,1
4713,6,1
4714,8,1
4715,351,50
4716,7,1
4717,18,2
4718,6,1
4719,8,2
4720,9,1
4721,22,3
4722,13,2
4723,37,6
4724,1,1
4725,5,1
4726,29,4
4727,6,1
4728,9,2
4729,57,9
4730,9,1
4731,7,1
4732,7,1
4733,8,2
4734,15,3
4735,277,39
4736,312,47
4737,15,2
4738,34,6
4739,5,1
4740,271,38
4741,7,1
4742,8,1
4743,24,3
4744,7,1
4745,6,2
4746,8,1
4747,13,2
4748,10,1
4749,32,4
4750,7,1
4751,8,1
4752,7,1
4753,8,1
4754,13,2
4755,15,2
4756,32,5
4757,13,2
4758,39,5
4759,13,2
4760,10,2
4761,36,6
4762,6,1
4763,258,37
4764,72,11
4765,1,1
4766,50,7
4767,601,79
4768,111,15
4769,77,13
4770,430,57
4771,59,9
4772,426,61
4773,568,75
4774,24,9
4775,7,1
4776,5,2
4777,8,1
4778,18,3
4779,6,1
4780,6,1
4781,6,1
4782,5,1
4783,14,2
4784,4,1
4785,17,2
4786,4,1
4787,16,2
4788,12,2
4789,8,1
4790,0,0
4791,6,1
4792,1,1
4793,6,1
4794,7,1
4795,15,2
4796,73,12
4797,11,2
4798,166,26
4799,356,48
4800,9,1
4801,331,44
4802,13,3
4803,9,1
4804,10,1
4805,235,34
4806,35,7
4807,13,2
4808,96,17
4809,28,7
4810,15,3
4811,40,5
4812,7,2
4813,7,1
4814,21,3
4815,14,3
4816,20,3
4817,6,1
4818,40,7
4819,82,14
4820,16,3
4821,95,18
4822,56,9
4823,40,6
4824,25,5
4825,617,77
4826,8,1
4827,39,6
4828,48,7
4829,3,1
4830,5,1
4831,16,3
4832,61,13
4833,44,6
4834,145,21
4835,10,1
4836,7,2
4837,129,17
4838,7,1
4839,18,3
4840,222,32
4841,6,1
4842,17,2
4843,7,1
4844,7,1
4845,22,3
4846,57,8
4847,8,1
4848,22,3
4849,7,2
4850,11,2
4851,46,10
4852,14,3
4853,292,39
4854,303,38
4855,24,4
4856,7,1
4857,8,1
4858,6,1
4859,210,33
4860,140,19
4861,15,3
4862,959,125
4863,6,1
4864,69,11
4865,50,8
4866,43,6
4867,121,20
4868,231,32
4869,248,38
4870,60,8
4871,12,2
4872,44,10
4873,10,2
4874,8,1
4875,119,16
4876,18,3
4877,176,25
4878,80,14
4879,7,1
4880,4,1
4881,8,2
4882,5,1
4883,26,3
4884,6,1
4885,12,2
4886,8,1
4887,8,1
4888,8,1
4889,9,1
4890,36,4
4891,8,1
4892,15,2
4893,7,1
4894,7,1
4895,27,4
4896,7,1
4897,14,2
4898,8,1
4899,8,1
4900,25,3
4901,18,3
4902,0,0
4903,13,2
4904,8,1
4905,7,1
4906,16,2
4907,10,1
4908,16,2
4909,10,1
4910,7,1
4911,6,1
4912,20,3
4913,7,1
4914,7,1
4915,10,1
4916,8,1
4917,5,1
4918,8,1
4919,7,1
4920,7,1
4921,7,1
4922,9,1
4923,11,2
4924,10,1
4925,27,3
4926,39,5
4927,0,0
4928,1,1
4929,18,2
4930,9,1
4931,4,1
4932,48,6
4933,4,1
4934,10,1
4935,9,1
4936,14,2
4937,30,5
4938,15,2
4939,10,1
4940,19,3
4941,12,2
4942,5,1
4943,14,2
4944,6,1
4945,11,2
4946,8,1
4947,8,1
4948,32,5
4949,15,2
4950,39,5
4951,9,1
4952,6,1
4953,5,1
4954,8,1
4955,8,1
4956,8,1
4957,7,1
4958,25,4
4959,18,2
4960,6,1
4961,10,1
4962,8,1
4963,9,1
4964,5,1
4965,10,1
4966,22,3
4967,7,1
4968,5,1
4969,8,1
4970,7,1
4971,10,1
4972,11,2
4973,19,3
4974,8,1
4975,16,2
4976,6,1
4977,6,1
4978,35,4
4979,7,1
4980,18,3
4981,6,1
4982,13,2
4983,7,1
4984,18,2
4985,27,3
4986,6,1
4987,12,2
4988,17,2
4989,17,2
4990,11,2
4991,6,1
4992,4,1
4993,25,3
4994,23,3
4995,10,1
4996,4,1
4997,4,1
4998,8,1
4999,9,1
5000,17,2
5001,61,9
5002,6,1
5003,12,3
5004,6,1
5005,15,2
5006,15,2
5007,5,1
5008,38,5
5009,16,2
5010,9,3
5011,8,1
5012,7,1
5013,7,1
5014,1,1
5015,9,2
5016,16,2
5017,24,3
5018,9,1
5019,1,1
5020,5,1
5021,38,5
5022,8,1
5023,9,1
5024,3,1
5025,5,1
5026,13,2
5027,6,1
5028,5,2
5029,11,2
5030,109,14
5031,8,1
5032,18,3
5033,4,1
5034,3,1
5035,6,2
5036,7,1
5037,6,1
5038,29,3
5039,11,2
5040,5,1
5041,3,1
5042,6,1
5043,10,1
5044,10,1
5045,5,1
5046,7,1
5047,27,4
5048,16,3
5049,9,2
5050,8,1
5051,6,1
5052,6,1
5053,5,1
5054,38,5
5055,5,1
5056,5,1
5057,7,1
5058,14,2
5059,19,3
5060,9,1
5061,7,1
5062,6,1
5063,7,1
5064,2,1
5065,34,5
5066,8,1
5067,14,2
5068,6,1
5069,3,1
5070,6,1
5071,5,1
5072,4,1
5073,6,1
5074,4,1
5075,9,1
5076,8,1
5077,31,4
5078,8,1
5079,11,2
5080,57,7
5081,3,1
5082,21,3
5083,45,6
5084,10,1
5085,9,1
5086,8,1
5087,8,1
5088,9,1
5089,10,1
5090,15,2
5091,4,1
5092,5,1
5093,9,3
5094,13,2
5095,5,1
5096,5,1
5097,18,3
5098,9,1
5099,15,2
5100,6,1
5101,6,1
5102,10,1
5103,7,1
5104,5,1
5105,3,1
5106,15,2
5107,14,2
5108,1,1
5109,25,4
5110,145,19
5111,11,2
5112,18,2
5113,9,1
5114,7,1
5115,148,20
5116,13,2
5117,6,1
5118,30,4
5119,4,1
5120,7,2
5121,7,1
5122,6,1
5123,3,1
5124,8,1
5125,9,1
5126,60,8
5127,46,6
5128,9,1
5129,6,1
5130,5,1
5131,6,1
5132,31,6
5133,319,39
5134,9,1
5135,6,1
5136,3,1
5137,48,8
5138,28,4
5139,6,2
5140,96,12
5141,6,1
5142,64,8
5143,74,11
5144,86,11
5145,5,1
5146,39,6
5147,27,5
5148,8,1
5149,7,1
5150,5,1
5151,145,19
5152,26,3
5153,23,4
5154,15,2
5155,23,5
5156,78,10
5157,15,2
5158,11,2
5159,19,3
5160,31,4
5161,33,4
5162,32,4
5163,159,22
5164,7,1
5165,400,52
5166,19,2
5167,364,48
5168,366,61
5169,27,3
5170,258,37
5171,247,35
5172,76,12
5173,4,1
5174,23,3
5175,76,11
5176,205,33
5177,14,2
5178,19,3
5179,30,4
5180,6,2
5181,6,1
5182,0,0
5183,40,8
5184,19,3
5185,8,1
5186,5,1
5187,8,1
5188,8,1
5189,5,1
5190,4,1
5191,14,2
5192,12,2
5193,23,3
5194,5,1
5195,4,1
5196,6,1
5197,23,3
5198,7,1
5199,41,10
5200,4,1
5201,43,7
5202,7,1
5203,7,1
5204,47,5
5205,4,1
5206,155,20
5207,51,8
5208,1,1
5209,1,1
5210,28,6
5211,8,2
5212,69,11
5213,17,2
5214,9,2
5215,8,1
5216,2,1
5217,6,1
5218,8,1
5219,6,1
5220,12,2
5221,7,1
5222,285,45
5223,1,1
5224,13,2
5225,243,35
5226,2,1
5227,19,3
5228,7,1
5229,26,4
5230,6,1
5231,6,1
5232,136,19
5233,8,1
5234,8,1
5235,5,1
5236,24,3
5237,8,1
5238,7,1
5239,26,6
5240,38,7
5241,39,8
5242,22,3
5243,61,10
5244,115,19
5245,4,1
5246,6,1
5247,5,1
5248,8,1
5249,0,0
5250,16,3
5251,8,1
5252,7,1
5253,27,4
5254,31,5
5255,7,1
5256,36,8
5257,14,3
5258,17,3
5259,8,1
5260,7,1
5261,0,0
5262,17,2
5263,5,1
5264,4,1
5265,5,1
5266,9,1
5267,5,1
5268,23,3
5269,19,2
5270,25,4
5271,648,84
5272,4,1
5273,43,7
5274,47,8
5275,7,1
5276,7,1
5277,7,1
5278,8,1
5279,5,1
5280,8,1
5281,6,1
5282,17,2
5283,7,1
5284,8,1
5285,6,1
5286,7,1
5287,6,1
5288,27,6
5289,16,2
5290,5,1
5291,3,1
5292,10,1
5293,36,6
5294,48,6
5295,20,5
5296,119,17
5297,22,6
5298,389,50
5299,8,2
5300,5,1
5301,9,1
5302,8,1
5303,5,1
5304,7,1
5305,22,3
5306,7,1
5307,62,9
5308,37,7
5309,20,4
5310,6,1
5311,270,40
5312,5,1
5313,20,3
5314,5,1
5315,56,9
5316,10,1
5317,139,17
5318,43,7
5319,42,7
5320,21,3
5321,387,59
5322,18,2
5323,12,2
5324,896,116
5325,6,1
5326,12,2
5327,5,1
5328,19,3
5329,25,4
5330,59,13
5331,7,1
5332,30,4
5333,3,1
5334,6,1
5335,315,50
5336,6,1
5337,12,3
5338,199,36
5339,23,3
5340,407,58
5341,7,1
5342,30,4
5343,3,1
5344,10,1
5345,208,31
5346,18,3
5347,12,2
5348,6,1
5349,35,6
5350,25,5
5351,16,4
5352,67,10
5353,8,1
5354,6,1
5355,394,50
5356,146,21
5357,9,1
5358,0,0
5359,50,12
5360,12,3
5361,22,3
5362,17,3
5363,24,4
5364,50,7
5365,19,3
5366,6,1
5367,37,5
5368,3,1
5369,5,1
5370,7,1
5371,2,1
5372,8,1
5373,525,74
5374,61,9
5375,10,2
5376,15,2
5377,3,1
5378,105,20
5379,8,1
5380,16,3
5381,90,13
5382,103,16
5383,43,8
5384,50,7
5385,260,35
5386,9,2
5387,68,9
5388,20,3
5389,15,2
5390,7,1
5391,6,1
5392,28,4
5393,43,10
5394,46,8
5395,85,13
5396,116,21
5397,8,1
5398,6,1
5399,5,1
5400,7,1
5401,13,2
5402,35,6
5403,63,11
5404,311,44
5405,67,9
5406,189,27
5407,21,3
5408,33,5
5409,178,23
5410,71,10
5411,4,1
5412,10,2
5413,65,9
5414,285,35
5415,25,3
5416,8,1
5417,5,1
5418,37,4
5419,17,2
5420,5,1
5421,25,4
5422,62,9
5423,7,1
5424,242,34
5425,28,4
5426,28,4
5427,151,20
5428,5,1
5429,57,8
5430,21,5
5431,42,7
5432,24,4
5433,29,5
5434,61,9
5435,73,13
5436,26,5
5437,11,2
5438,33,4
5439,47,7
5440,125,17
5441,32,7
5442,37,5
5443,5,1
5444,6,1
5445,35,6
5446,113,16
5447,26,4
5448,6,1
5449,192,27
5450,9,2
5451,26,4
5452,78,11
5453,542,71
5454,293,39
5455,63,10
5456,27,4
5457,14,2
5458,8,2
5459,31,4
5460,22,3
5461,20,3
5462,7,1
5463,117,17
5464,16,2
5465,272,40
5466,86,12
5467,46,8
5468,11,2
5469,8,1
5470,45,7
5471,9,1
5472,5,1
5473,40,5
5474,160,21
5475,61,9
5476,42,6
5477,17,3
5478,15,4
5479,48,11
5480,22,4
5481,18,3
5482,8,2
5483,8,1
5484,15,2
5485,6,1
5486,32,5
5487,9,1
5488,10,1
5489,6,1
5490,7,1
5491,5,1
5492,38,5
5493,63,11
5494,36,5
5495,15,2
5496,21,3
5497,26,4
5498,99,16
5499,7,1
5500,9,1
5501,5,1
5502,7,1
5503,2,1
5504,20,3
5505,7,1
5506,11,2
5507,38,6
5508,4,1
5509,51,9
5510,9,1
5511,7,1
5512,40,7
5513,14,2
5514,44,8
5515,13,5
5516,6,1
5517,4,1
5518,8,1
5519,24,4
5520,5,3
5521,33,5
5522,50,13
5523,6,1
5524,7,2
5525,54,9
5526,39,6
5527,11,2
5528,148,23
5529,8,1
5530,777,100
5531,290,36
5532,6,1
5533,304,40
5534,26,4
5535,8,2
5536,5,1
5537,4,1
5538,1,1
5539,7,1
5540,37,6
5541,5,2
5542,7,1
5543,8,1
5544,15,2
5545,9,1
5546,6,1
5547,293,38
5548,61,8
5549,38,5
5550,5,1
5551,8,3
5552,13,3
5553,93,12
5554,6,1
5555,9,1
5556,42,6
5557,30,5
5558,61,11
5559,5,1
5560,10,1
5561,26,4
5562,19,2
5563,17,2
5564,9,1
5565,10,1
5566,54,12
5567,84,12
5568,44,6
5569,11,2
5570,5,1
5571,71,12
5572,6,1
5573,30,4
5574,201,28
5575,12,3
5576,58,7
5577,31,6
5578,6,2
5579,13,2
5580,96,14
5581,40,6
5582,23,4
5583,306,49
5584,349,52
5585,57,11
5586,10,1
5587,277,41
5588,12,2
5589,5,1
5590,4,1
5591,23,5
5592,69,14
5593,62,10
5594,137,23
5595,242,34
5596,26,6
5597,101,13
5598,51,9
5599,19,6
5600,83,13
5601,37,5
5602,93,13
5603,5,1
5604,12,3
5605,9,1
5606,4,1
5607,9,2
5608,4,1
5609,154,25
5610,7,1
5611,21,3
5612,5,1
5613,598,77
5614,5,1
5615,217,31
5616,5,1
5617,24,3
5618,2,1
5619,56,9
5620,74,14
5621,27,4
5622,182,28
5623,149,23
5624,32,6
5625,325,44
5626,55,10
5627,349,46
5628,49,9
5629,13,2
5630,96,14
5631,8,1
5632,7,1
5633,17,3
5634,28,4
5635,5,1
5636,17,2
5637,40,5
5638,7,1
5639,18,3
5640,4,1
5641,82,14
5642,5,1
5643,8,1
5644,325,43
5645,97,13
5646,42,6
5647,42,7
5648,8,1
5649,7,1
5650,21,3
5651,10,1
5652,6,1
5653,5,1
5654,8,4
5655,30,4
5656,6,1
5657,32,5
5658,6,1
5659,23,3
5660,5,1
5661,134,18
5662,57,7
5663,8,1
5664,98,14
5665,39,6
5666,6,1
5667,12,2
5668,8,1
5669,137,19
5670,4,1
5671,50,7
5672,16,2
5673,24,4
5674,12,2
5675,5,1
5676,910,107
5677,10,2
5678,34,6
5679,5,1
5680,15,3
5681,11,2
5682,15,2
5683,9,1
5684,11,2
5685,31,4
5686,18,2
5687,159,20
5688,8,1
5689,24,3
5690,505,64
5691,721,90
5692,76,11
5693,9,1
5694,67,11
5695,13,2
5696,13,2
5697,49,7
5698,52,8
5699,11,2
5700,4,1
5701,22,3
5702,18,3
5703,19,4
5704,6,1
5705,8,1
5706,639,81
5707,59,11
5708,132,20
5709,23,3
5710,16,3
5711,154,24
5712,6,1
5713,23,3
5714,10,2
5715,62,9
5716,14,2
5717,399,53
5718,56,12
5719,93,14
5720,6,1
5721,8,1
5722,7,1
5723,32,4
5724,15,2
5725,44,7
5726,31,5
5727,30,4
5728,44,6
5729,12,2
5730,30,4
5731,8,2
5732,6,1
5733,126,17
5734,4,1
5735,10,2
5736,15,2
5737,14,2
5738,6,1
5739,6,1
5740,4,1
5741,50,8
5742,10,2
5743,7,1
5744,50,9
5745,8,1
5746,9,1
5747,16,2
5748,46,6
5749,23,3
5750,9,2
5751,8,2
5752,9,4
5753,10,2
5754,18,3
5755,21,3
5756,2,1
5757,18,2
5758,557,72
5759,9,2
5760,7,1
5761,10,1
5762,19,3
5763,24,4
5764,54,12
5765,57,8
5766,62,10
5767,82,14
5768,12,2
5769,28,4
5770,9,1
5771,7,1
5772,488,61
5773,9,1
5774,8,1
5775,79,14
5776,6,1
5777,13,2
5778,282,38
5779,8,1
5780,6,1
5781,23,5
5782,589,80
5783,4,1
5784,7,1
5785,12,2
5786,17,2
5787,56,7
5788,35,6
5789,22,3
5790,5,1
5791,21,3
5792,13,2
5793,41,5
5794,5,1
5795,193,25
5796,10,2
5797,37,6
5798,5,1
5799,39,6
5800,105,17
5801,3,1
5802,185,27
5803,15,3
5804,78,11
5805,7,1
5806,102,14
5807,14,2
5808,79,11
5809,63,10
5810,13,2
5811,88,12
5812,15,2
5813,16,2
5814,14,3
5815,4,1
5816,264,44
5817,6,1
5818,24,3
5819,8,1
5820,7,1
5821,8,1
5822,68,9
5823,10,2
5824,64,8
5825,29,4
5826,380,52
5827,105,15
5828,151,21
5829,15,2
5830,127,21
5831,71,9
5832,23,4
5833,56,7
5834,15,2
5835,4,1
5836,10,1
5837,26,4
5838,4,1
5839,10,1
5840,16,4
5841,8,1
5842,3,1
5843,1,1
5844,103,20
5845,17,3
5846,46,7
5847,163,26
5848,20,3
5849,16,2
5850,10,1
5851,4,1
5852,104,14
5853,7,1
5854,158,25
5855,26,4
5856,218,32
5857,14,3
5858,66,13
5859,261,39
5860,448,58
5861,76,11
5862,13,2
5863,6,1
5864,15,2
5865,89,11
5866,44,7
5867,245,34
5868,333,46
5869,1,1
5870,13,2
5871,35,5
5872,599,81
5873,8,1
5874,23,3
5875,425,55
5876,7,1
5877,27,5
5878,6,1
5879,17,3
5880,10,2
5881,61,8
5882,13,2
5883,1,1
5884,12,2
5885,19,3
5886,26,4
5887,7,1
5888,7,1
5889,94,12
5890,4,1
5891,8,1
5892,1,1
5893,5,1
5894,167,22
5895,203,25
5896,9,1
5897,5,1
5898,92,13
5899,2,1
5900,7,1
5901,8,1
5902,13,2
5903,21,3
5904,6,1
5905,8,1
5906,16,3
5907,153,19
5908,8,1
5909,37,4
5910,6,1
5911,5,1
5912,6,1
5913,59,10
5914,16,3
5915,26,4
5916,320,41
5917,16,3
5918,30,4
5919,2,1
5920,40,8
5921,61,9
5922,144,21
5923,15,2
5924,11,2
5925,133,17
5926,17,2
5927,57,8
5928,70,11
5929,138,20
5930,3,2
5931,5,1
5932,9,1
5933,92,11
5934,25,3
5935,14,2
5936,8,1
5937,14,3
5938,7,1
5939,32,5
5940,13,2
5941,9,1
5942,86,10
5943,6,1
5944,289,37
5945,63,10
5946,499,64
5947,68,10
5948,7,1
5949,6,1
5950,42,6
5951,67,8
5952,16,2
5953,41,8
5954,12,2
5955,4,1
5956,96,14
5957,125,17
5958,46,7
5959,8,1
5960,112,18
5961,432,62
5962,9,3
5963,6,1
5964,7,1
5965,12,2
5966,62,8
5967,490,65
5968,8,1
5969,26,4
5970,84,13
5971,20,3
5972,6,1
5973,48,6
5974,146,24
5975,232,28
5976,31,6
5977,33,5
5978,6,1
5979,8,1
5980,8,1
5981,8,1
5982,38,5
5983,68,11
5984,132,20
5985,18,2
5986,65,8
5987,181,27
5988,8,1
5989,6,1
5990,8,1
5991,7,1
5992,6,1
5993,59,9
5994,15,3
5995,13,2
5996,7,1
5997,137,18
5998,341,41
5999,15,2
6000,9,1
6001,4,1
6002,108,18
6003,96,14
6004,6,1
6005,41,6
6006,34,5
6007,13,2
6008,53,7
6009,58,10
6010,42,7
6011,8,1
6012,2,1
6013,9,1
6014,92,17
6015,94,13
6016,8,1
6017,55,8
6018,35,4
6019,20,3
6020,5,1
6021,9,1
6022,17,4
6023,17,3
6024,28,4
6025,8,1
6026,15,2
6027,11,2
6028,25,3
6029,6,1
6030,14,2
6031,1263,149
6032,7,1
6033,14,2
6034,5,1
6035,135,18
6036,11,2
6037,5,1
6038,19,4
6039,9,1
6040,14,2
6041,13,2
6042,7,1
6043,7,1
6044,294,39
6045,12,3
6046,5,1
6047,9,1
6048,86,13
6049,8,1
6050,19,3
6051,23,3
6052,7,1
6053,38,5
6054,8,2
6055,7,1
6056,28,3
6057,17,2
6058,7,1
6059,69,11
6060,2,1
6061,3,2
6062,719,94
6063,23,4
6064,6,1
6065,304,42
6066,87,11
6067,44,8
6068,7,1
6069,85,12
6070,8,1
6071,15,2
6072,53,11
6073,19,3
6074,7,1
6075,6,1
6076,372,54
6077,7,1
6078,10,1
6079,7,1
6080,4,1
6081,8,1
6082,8,1
6083,9,1
6084,30,5
6085,222,35
6086,7,1
6087,844,104
6088,139,22
6089,176,29
6090,111,16
6091,9,2
6092,42,6
6093,12,2
6094,24,3
6095,8,1
6096,27,3
6097,1,1
6098,3,1
6099,8,1
6100,83,14
6101,7,1
6102,25,5
6103,14,2
6104,9,2
6105,7,1
6106,5,1
6107,5,1
6108,343,43
6109,5,1
6110,10,1
6111,14,2
6112,199,28
6113,23,4
6114,59,8
6115,5,1
6116,8,1
6117,6,1
6118,14,2
6119,6,1
6120,8,1
6121,37,7
6122,23,4
6123,9,1
6124,99,16
6125,21,3
6126,4,1
6127,228,31
6128,24,3
6129,5,1
6130,4,1
6131,4,1
6132,231,33
6133,33,7
6134,8,1
6135,7,1
6136,30,5
6137,4,1
6138,58,9
6139,50,10
6140,11,2
6141,8,1
6142,3,1
6143,20,3
6144,7,1
6145,272,39
6146,5,3
6147,14,3
6148,27,4
6149,8,1
6150,10,2
6151,16,2
6152,13,2
6153,4,1
6154,6,1
6155,6,1
6156,12,2
6157,8,2
6158,1,1
6159,6,1
6160,6,1
6161,49,8
6162,34,6
6163,37,5
6164,28,4
6165,7,1
6166,77,9
6167,11,2
6168,83,11
6169,17,3
6170,15,2
6171,13,3
6172,148,21
6173,5,1
6174,25,4
6175,8,1
6176,4,1
6177,50,7
6178,6,1
6179,5,1
6180,12,2
6181,6,1
6182,98,13
6183,9,2
6184,96,13
6185,7,1
6186,55,8
6187,70,9
6188,541,71
6189,242,35
6190,145,20
6191,7,1
6192,13,2
6193,6,1
6194,16,2
6195,4,1
6196,2,1
6197,28,4
6198,19,3
6199,29,4
6200,8,1
6201,17,4
6202,6,1
6203,11,2
6204,8,1
6205,32,5
6206,122,18
6207,78,11
6208,106,22
6209,7,1
6210,32,6
6211,17,3
6212,2,1
6213,14,2
6214,20,3
6215,19,2
6216,36,6
6217,10,2
6218,39,7
6219,10,1
6220,10,1
6221,47,7
6222,363,46
6223,71,9
6224,45,7
6225,91,11
6226,254,34
6227,266,37
6228,246,34
6229,75,11
6230,12,2
6231,7,1
6232,74,11
6233,21,3
6234,37,5
6235,14,2
6236,6,1
6237,55,7
6238,9,1
6239,88,14
6240,88,11
6241,1,1
6242,6,1
6243,79,10
6244,6,1
6245,28,4
6246,5,1
6247,4,1
6248,8,1
6249,34,4
6250,4,1
6251,51,7
6252,35,5
6253,8,1
6254,38,7
6255,6,1
6256,7,1
6257,20,3
6258,8,1
6259,259,35
6260,12,2
6261,12,2
6262,7,1
6263,42,6
6264,7,1
6265,8,1
6266,5,1
6267,41,5
6268,6,1
6269,35,5
6270,17,2
6271,8,1
6272,28,4
6273,16,2
6274,12,2
6275,11,2
6276,4,1
6277,17,2
6278,120,17
6279,7,1
6280,10,2
6281,5,1
6282,51,9
6283,27,4
6284,23,4
6285,4,1
6286,52,8
6287,8,1
6288,11,2
6289,10,1
6290,15,2
6291,21,4
6292,100,15
6293,28,4
6294,1,1
6295,9,1
6296,43,5
6297,34,5
6298,71,10
6299,728,88
6300,24,3
6301,17,2
6302,47,8
6303,254,32
6304,17,2
6305,149,26
6306,8,1
6307,456,59
6308,7,1
6309,7,1
6310,8,1
6311,4,1
6312,111,17
6313,8,1
6314,4,1
6315,4,1
6316,46,8
6317,117,18
6318,7,1
6319,26,3
6320,8,1
6321,14,2
6322,45,6
6323,841,105
6324,43,6
6325,3,1
6326,552,76
6327,5,1
6328,38,5
6329,8,1
6330,10,1
6331,8,1
6332,2,1
6333,7,1
6334,34,4
6335,45,7
6336,8,1
6337,38,6
6338,9,1
6339,112,16
6340,39,7
6341,6,2
6342,276,34
6343,7,1
6344,11,2
6345,26,3
6346,97,20
6347,18,2
6348,12,2
6349,15,3
6350,55,9
6351,73,14
6352,7,1
6353,2,1
6354,9,1
6355,7,1
6356,308,42
6357,73,10
6358,451,58
6359,19,3
6360,10,1
6361,5,1
6362,122,16
6363,5,1
6364,3,1
6365,24,4
6366,88,12
6367,7,1
6368,8,1
6369,491,65
6370,71,12
6371,7,1
6372,14,2
6373,7,1
6374,42,8
6375,18,3
6376,10,1
6377,7,1
6378,22,3
6379,4,1
6380,29,4
6381,17,3
6382,5,1
6383,11,2
6384,7,1
6385,4,1
6386,9,1
6387,23,3
6388,15,2
6389,4,1
6390,21,3
6391,18,3
6392,5,1
6393,18,3
6394,102,14
6395,9,1
6396,7,1
6397,18,2
6398,34,5
6399,6,1
6400,61,9
6401,6,1
6402,22,3
6403,8,2
6404,48,7
6405,120,17
6406,59,8
6407,9,1
6408,24,3
6409,7,1
6410,6,1
6411,34,5
6412,2,1
6413,8,1
6414,34,4
6415,71,11
6416,8,1
6417,7,1
6418,5,1
6419,7,1
6420,31,5
6421,28,6
6422,85,14
6423,411,53
6424,2,1
6425,46,6
6426,8,1
6427,20,3
6428,10,2
6429,64,12
6430,1,1
6431,28,4
6432,49,8
6433,84,10
6434,7,1
6435,5,1
6436,8,1
6437,9,1
6438,238,32
6439,9,1
6440,21,3
6441,10,1
6442,27,4
6443,14,2
6444,9,1
6445,9,2
6446,147,18
6447,12,2
6448,17,2
6449,7,1
6450,35,4
6451,110,21
6452,21,3
6453,9,2
6454,48,9
6455,1,1
6456,7,1
6457,25,3
6458,9,1
6459,7,1
6460,6,1
6461,35,5
6462,7,1
6463,228,31
6464,4,1
6465,1,1
6466,18,3
6467,8,1
6468,23,3
6469,19,3
6470,54,7
6471,90,12
6472,2,1
6473,6,1
6474,7,1
6475,8,1
6476,699,97
6477,447,58
6478,41,5
6479,16,3
6480,5,1
6481,15,2
6482,30,5
6483,41,6
6484,24,5
6485,105,16
6486,34,4
6487,3,1
6488,5,1
6489,4,1
6490,7,1
6491,7,1
6492,7,1
6493,6,1
6494,6,1
6495,6,1
6496,6,1
6497,10,1
6498,23,3
6499,3,1
6500,8,1
6501,19,2
6502,17,3
6503,4,2
6504,7,1
6505,5,1
6506,20,4
6507,16,2
6508,6,2
6509,35,4
6510,9,1
6511,8,1
6512,9,2
6513,539,67
6514,20,3
6515,25,5
6516,53,7
6517,16,2
6518,4,1
6519,8,1
6520,2,1
6521,8,1
6522,8,1
6523,27,4
6524,7,1
6525,6,1
6526,13,3
6527,19,2
6528,22,3
6529,22,3
6530,161,28
6531,15,2
6532,63,9
6533,10,2
6534,30,5
6535,14,3
6536,16,2
6537,8,1
6538,6,1
6539,13,2
6540,3,1
6541,5,1
6542,3,1
6543,33,6
6544,19,3
6545,4,1
6546,4,1
6547,42,6
6548,1,1
6549,8,1
6550,99,15
6551,10,1
6552,418,53
6553,9,1
6554,15,2
6555,60,13
6556,314,43
6557,73,11
6558,7,1
6559,6,1
6560,7,1
6561,8,1
6562,13,2
6563,5,1
6564,7,1
6565,7,1
6566,18,3
6567,7,1
6568,5,1
6569,1,1
6570,105,13
6571,330,47
6572,6,1
6573,5,1
6574,7,1
6575,5,2
6576,40,5
6577,10,1
6578,38,6
6579,7,1
6580,8,1
6581,8,1
6582,7,1
6583,28,5
6584,9,2
6585,28,4
6586,5,1
6587,75,13
6588,7,1
6589,9,1
6590,7,1
6591,4,2
6592,71,10
6593,6,1
6594,6,1
6595,21,3
6596,17,3
6597,38,5
6598,15,4
6599,107,17
6600,452,55
6601,6,1
6602,9,1
6603,7,1
6604,15,2
6605,8,1
6606,49,10
6607,20,2
6608,23,6
6609,6,1
6610,64,8
6611,66,10
6612,280,38
6613,1163,143
6614,69,10
6615,41,6
6616,40,8
6617,35,6
6618,9,2
6619,5,1
6620,22,3
6621,89,15
6622,58,7
6623,46,7
6624,6,1
6625,30,5
6626,5,1
6627,5,1
6628,137,21
6629,7,1
6630,8,1
6631,104,17
6632,326,44
6633,5,1
6634,13,3
6635,10,1
6636,7,1
6637,8,1
6638,10,1
6639,21,4
6640,25,3
6641,5,1
6642,32,6
6643,78,12
6644,19,3
6645,44,7
6646,5,1
6647,443,57
6648,8,1
6649,174,22
6650,205,27
6651,14,2
6652,7,1
6653,8,1
6654,23,3
6655,19,3
6656,13,2
6657,8,1
6658,54,7
6659,7,1
6660,5,1
6661,13,2
6662,7,1
6663,36,6
6664,22,3
6665,7,1
6666,13,2
6667,103,12
6668,7,1
6669,24,3
6670,9,1
6671,15,2
6672,47,6
6673,19,3
6674,140,20
6675,7,1
6676,37,5
6677,12,2
6678,8,1
6679,8,1
6680,9,1
6681,62,10
6682,138,18
6683,144,20
6684,305,42
6685,4,1
6686,47,7
6687,32,6
6688,8,1
6689,54,7
6690,6,1
6691,17,2
6692,188,24
6693,16,2
6694,173,23
6695,6,1
6696,17,2
6697,16,2
6698,6,1
6699,3,1
6700,1,1
6701,7,1
6702,39,7
6703,38,7
6704,9,1
6705,15,2
6706,210,28
6707,123,19
6708,16,3
6709,5,1
6710,6,1
6711,31,4
6712,1,1
6713,10,1
6714,7,1
6715,7,1
6716,7,1
6717,22,6
6718,9,1
6719,5,1
6720,141,18
6721,7,3
6722,4,1
6723,66,11
6724,8,1
6725,7,1
6726,1,1
6727,54,9
6728,5,1
6729,41,5
6730,17,2
6731,10,2
6732,10,1
6733,8,1
6734,237,30
6735,9,1
6736,15,2
6737,8,1
6738,9,1
6739,10,1
6740,82,14
6741,72,10
6742,17,2
6743,10,1
6744,6,1
6745,8,1
6746,40,6
6747,9,2
6748,6,1
6749,8,1
6750,8,1
6751,96,15
6752,9,1
6753,9,1
6754,10,2
6755,15,2
6756,123,17
6757,5,1
6758,8,1
6759,133,21
6760,27,4
6761,25,4
6762,4,1
6763,31,5
6764,19,4
6765,23,3
6766,8,1
6767,8,1
6768,7,1
6769,10,1
6770,7,1
6771,1,1
6772,45,7
6773,6,1
6774,14,2
6775,2,1
6776,29,5
6777,15,2
6778,245,34
6779,6,1
6780,75,12
6781,0,0
6782,27,3
6783,45,6
6784,16,3
6785,19,4
6786,45,6
6787,11,2
6788,8,1
6789,7,1
6790,11,2
6791,8,1
6792,32,4
6793,73,11
6794,10,1
6795,7,1
6796,24,3
6797,36,6
6798,16,3
6799,50,8
6800,43,7
6801,239,34
6802,73,9
6803,46,7
6804,4,1
6805,56,7
6806,9,1
6807,43,5
6808,27,4
6809,5,1
6810,16,2
6811,61,10
6812,10,1
6813,10,1
6814,44,5
6815,7,1
6816,13,2
6817,158,21
6818,18,3
6819,6,1
6820,155,24
6821,178,25
6822,27,3
6823,16,2
6824,98,15
6825,8,1
6826,4,1
6827,4,1
6828,42,6
6829,14,2
6830,6,1
6831,113,17
6832,326,43
6833,25,3
6834,8,1
6835,16,3
6836,29,4
6837,151,21
6838,7,2
6839,47,10
6840,10,2
6841,52,9
6842,52,11
6843,11,2
6844,56,9
6845,9,1
6846,11,2
6847,10,1
6848,22,4
6849,165,24
6850,19,3
6851,6,1
6852,8,1
6853,6,1
6854,6,1
6855,241,32
6856,227,32
6857,247,31
6858,7,1
6859,29,4
6860,6,1
6861,14,2
6862,15,4
6863,122,20
6864,10,1
6865,6,1
6866,13,2
6867,5,1
6868,14,2
6869,187,27
6870,14,2
6871,57,10
6872,161,21
6873,32,6
6874,9,1
6875,13,2
6876,13,2
6877,9,1
6878,8,1
6879,8,1
6880,5,1
6881,30,6
6882,9,1
6883,24,4
6884,7,2
6885,7,1
6886,7,1
6887,22,3
6888,6,1
6889,1,1
6890,3,1
6891,89,12
6892,202,26
6893,8,1
6894,18,2
6895,8,1
6896,534,69
6897,61,8
6898,26,3
6899,12,2
6900,82,11
6901,58,9
6902,9,1
6903,17,3
6904,7,1
6905,138,19
6906,7,1
6907,89,11
6908,15,2
6909,6,1
6910,15,2
6911,7,1
6912,8,1
6913,36,6
6914,11,2
6915,28,4
6916,8,1
6917,7,1
6918,15,2
6919,28,4
6920,4,1
6921,19,3
6922,95,14
6923,6,1
6924,32,4
6925,53,7
6926,14,2
6927,12,2
6928,36,6
6929,7,1
6930,7,1
6931,30,4
6932,36,5
6933,22,3
6934,7,1
6935,57,8
6936,28,4
6937,5,1
6938,3,1
6939,84,12
6940,8,1
6941,6,1
6942,135,18
6943,16,3
6944,23,5
6945,10,1
6946,6,1
6947,88,11
6948,10,2
6949,52,10
6950,31,7
6951,18,3
6952,43,6
6953,8,1
6954,7,1
6955,5,1
6956,3,1
6957,29,5
6958,11,2
6959,8,1
6960,10,1
6961,1,1
6962,12,2
6963,3,1
6964,70,10
6965,15,2
6966,371,54
6967,607,76
6968,113,18
6969,286,38
6970,5,1
6971,9,2
6972,161,22
6973,33,5
6974,293,42
6975,10,2
6976,8,1
6977,4,2
6978,3,1
6979,22,3
6980,9,1
6981,12,2
6982,8,1
6983,3,1
6984,6,1
6985,5,1
6986,9,1
6987,38,5
6988,35,6
6989,19,3
6990,5,1
6991,17,3
6992,6,1
6993,13,2
6994,7,1
6995,4,1
6996,4,1
6997,3,1
6998,9,1
6999,304,37
7000,8,2
7001,11,2
7002,8,1
7003,19,3
7004,54,8
7005,15,2
7006,2,1
7007,12,2
7008,10,1
7009,27,4
7010,16,3
7011,86,10
7012,7,1
7013,18,2
7014,5,1
7015,5,1
7016,1,1
7017,17,2
7018,7,1
7019,16,5
7020,7,1
7021,17,2
7022,10,1
7023,10,1
7024,8,1
7025,6,1
7026,3,1
7027,6,1
7028,3,1
7029,33,8
7030,30,4
7031,15,2
7032,10,1
7033,58,11
7034,68,11
7035,26,4
7036,5,1
7037,201,26
7038,8,1
7039,19,3
7040,5,1
7041,6,1
7042,41,5
7043,9,2
7044,3,1
7045,21,4
7046,8,1
7047,15,2
7048,7,1
7049,21,4
7050,78,9
7051,177,22
7052,9,1
7053,5,2
7054,4,1
7055,9,1
7056,3,1
7057,24,4
7058,14,3
7059,31,4
7060,14,2
7061,16,2
7062,6,1
7063,20,4
7064,10,2
7065,8,1
7066,14,2
7067,30,6
7068,5,1
7069,22,3
7070,8,1
7071,121,17
7072,8,1
7073,118,18
7074,34,6
7075,7,1
7076,10,1
7077,20,3
7078,178,27
7079,7,1
7080,14,2
7081,5,1
7082,7,1
7083,30,5
7084,219,29
7085,23,3
7086,8,1
7087,17,3
7088,45,6
7089,10,1
7090,208,30
7091,10,1
7092,4,1
7093,6,1
7094,33,6
7095,7,1
7096,22,4
7097,25,3
7098,10,1
7099,9,1
7100,23,3
7101,138,21
7102,27,5
7103,7,1
7104,195,30
7105,35,6
7106,47,7
7107,11,2
7108,6,1
7109,9,1
7110,9,1
7111,4,1
7112,54,9
7113,5,1
7114,9,1
7115,1,1
7116,6,1
7117,10,1
7118,39,5
7119,28,4
7120,51,8
7121,7,1
7122,22,3
7123,381,50
7124,9,1
7125,62,9
7126,4,1
7127,2,1
7128,4,1
7129,14,2
7130,6,1
7131,9,1
7132,8,1
7133,32,5
7134,10,1
7135,29,4
7136,13,3
7137,6,1
7138,34,4
7139,6,1
7140,4,1
7141,5,1
7142,8,1
7143,8,1
7144,145,20
7145,23,3
7146,10,1
7147,233,32
7148,18,3
7149,15,2
7150,3,1
7151,47,6
7152,104,14
7153,47,6
7154,11,2
7155,153,20
7156,86,10
7157,10,1
7158,46,7
7159,8,1
7160,3,1
7161,7,1
7162,14,2
7163,10,2
7164,8,1
7165,2,1
7166,75,11
7167,6,1
7168,223,28
7169,104,15
7170,6,1
7171,5,2
7172,12,2
7173,6,1
7174,3,1
7175,142,19
7176,6,1
7177,36,7
7178,4,1
7179,25,4
7180,19,2
7181,8,1
7182,8,1
7183,165,22
7184,223,30
7185,63,9
7186,6,1
7187,225,31
7188,5,1
7189,5,1
7190,7,1
7191,16,2
7192,12,2
7193,55,7
7194,36,4
7195,3,1
7196,3,1
7197,15,4
7198,7,1
7199,9,2
7200,91,12
7201,16,2
7202,3,1
7203,8,1
7204,70,8
7205,12,2
7206,35,5
7207,9,1
7208,9,1
7209,7,1
7210,305,40
7211,4,1
7212,3,1
7213,115,14
7214,3,1
7215,98,14
7216,8,1
7217,6,1
7218,15,3
7219,82,12
7220,560,71
7221,50,8
7222,7,1
7223,7,1
7224,22,3
7225,49,7
7226,8,1
7227,4,1
7228,16,2
7229,9,2
7230,6,1
7231,10,1
7232,6,1
7233,3,1
7234,20,3
7235,7,1
7236,62,8
7237,8,1
7238,13,2
7239,19,3
7240,6,1
7241,8,1
7242,7,1
7243,21,3
7244,9,1
7245,29,5
7246,9,1
7247,3,1
7248,8,1
7249,6,1
7250,6,1
7251,7,1
7252,5,1
7253,47,6
7254,23,4
7255,7,1
7256,4,1
7257,25,6
7258,29,4
7259,8,1
7260,18,2
7261,10,1
7262,8,1
7263,16,2
7264,21,3
7265,7,1
7266,12,2
7267,7,1
7268,10,1
7269,22,5
7270,5,1
7271,4,1
7272,18,3
7273,15,2
7274,37,6
7275,68,9
7276,17,3
7277,3,1
7278,46,8
7279,6,2
7280,6,1
7281,35,5
7282,4,1
7283,4,1
7284,20,4
7285,24,4
7286,13,2
7287,15,2
7288,17,2
7289,132,20
7290,3,1
7291,8,1
7292,32,4
7293,3,1
7294,6,1
7295,1,1
7296,32,5
7297,6,1
7298,8,1
7299,6,1
7300,10,1
7301,4,1
7302,90,14
7303,228,32
7304,4,1
7305,26,3
7306,10,1
7307,4,1
7308,9,1
7309,11,2
7310,135,20
7311,199,27
7312,71,10
7313,6,1
7314,8,1
7315,15,2
7316,54,8
7317,12,2
7318,1,1
7319,8,1
7320,7,1
7321,1,1
7322,8,1
7323,5,1
7324,5,1
7325,6,1
7326,6,1
7327,4,2
7328,150,22
7329,9,1
7330,25,4
7331,6,1
7332,145,22
7333,14,2
7334,26,4
7335,6,1
7336,8,2
7337,124,16
7338,2,1
7339,7,1
7340,5,1
7341,101,14
7342,6,1
7343,40,5
7344,115,19
7345,106,16
7346,136,19
7347,35,6
7348,4,1
7349,41,6
7350,39,7
7351,2,1
7352,9,1
7353,3,1
7354,13,2
7355,14,2
7356,15,4
7357,8,1
7358,3,1
7359,16,2
7360,11,3
7361,9,1
7362,59,7
7363,5,1
7364,108,16
7365,14,3
7366,32,5
7367,9,2
7368,4,1
7369,24,3
7370,27,4
7371,21,3
7372,1,1
7373,33,4
7374,7,2
7375,15,4
7376,8,1
7377,13,2
7378,6,1
7379,34,5
7380,76,11
7381,33,5
7382,12,2
7383,12,2
7384,24,3
7385,15,3
7386,16,2
7387,118,15
7388,13,2
7389,1,1
7390,2,1
7391,4,1
7392,229,32
7393,16,3
7394,16,2
7395,133,16
7396,19,3
7397,12,2
7398,84,11
7399,21,3
7400,15,2
7401,3,1
7402,20,4
7403,2,1
7404,33,4
7405,12,2
7406,50,8
7407,15,2
7408,14,2
7409,2,1
7410,9,2
7411,9,2
7412,170,21
7413,9,1
7414,16,2
7415,18,2
7416,32,4
7417,6,1
7418,10,2
7419,9,1
7420,3,1
7421,6,1
7422,8,1
7423,116,16
7424,29,4
7425,13,2
7426,139,21
7427,135,17
7428,7,1
7429,8,2
7430,13,2
7431,6,1
7432,189,26
7433,179,25
7434,37,7
7435,23,4
7436,3,1
7437,9,1
7438,64,7
7439,6,1
7440,210,29
7441,51,7
7442,423,54
7443,6,1
7444,15,2
7445,15,3
7446,3,1
7447,104,16
7448,160,20
7449,196,25
7450,6,1
7451,1,1
7452,12,2
7453,59,8
7454,12,2
7455,5,1
7456,74,11
7457,144,21
7458,6,1
7459,8,1
7460,3,1
7461,9,1
7462,11,2
7463,9,1
7464,10,2
7465,6,1
7466,10,1
7467,8,1
7468,7,1
7469,4,1
7470,10,1
7471,16,2
7472,4,1
7473,9,2
7474,8,1
7475,10,1
7476,38,6
7477,8,2
7478,108,18
7479,9,1
7480,4,1
7481,9,2
7482,3,1
7483,17,2
7484,49,7
7485,10,1
7486,32,6
7487,240,31
7488,28,6
7489,20,3
7490,9,1
7491,9,2
7492,9,1
7493,4,1
7494,18,3
7495,4,1
7496,8,1
7497,5,1
7498,9,2
7499,393,52
7500,7,1
7501,4,1
7502,21,4
7503,583,73
7504,4,2
7505,8,2
7506,26,4
7507,8,1
7508,10,1
7509,17,4
7510,10,1
7511,7,1
7512,26,4
7513,11,2
7514,15,2
7515,12,2
7516,7,2
7517,12,3
7518,1,1
7519,6,1
7520,9,1
7521,232,31
7522,28,5
7523,26,3
7524,8,1
7525,7,1
7526,20,3
7527,9,1
7528,9,1
7529,8,1
7530,55,7
7531,58,11
7532,8,1
7533,9,1
7534,5,1
7535,8,2
7536,15,2
7537,8,1
7538,32,7
7539,8,1
7540,35,6
7541,1,1
7542,5,1
7543,3,1
7544,23,3
7545,79,12
7546,9,1
7547,79,14
7548,230,30
7549,68,13
7550,5,1
7551,8,1
7552,11,2
7553,7,1
7554,61,8
7555,24,3
7556,88,16
7557,10,2
7558,3,1
7559,71,12
7560,350,44
7561,124,17
7562,1,1
7563,6,1
7564,6,1
7565,7,1
7566,7,1
7567,9,1
7568,61,9
7569,23,3
7570,7,1
7571,140,19
7572,59,9
7573,113,15
7574,130,17
7575,3,1
7576,5,1
7577,2,1
7578,15,4
7579,26,3
7580,4,1
7581,7,1
7582,9,2
7583,8,2
7584,10,1
7585,27,3
7586,307,38
7587,275,37
7588,8,1
7589,103,15
7590,6,1
7591,4,1
7592,26,5
7593,23,3
7594,33,5
7595,478,59
7596,9,1
7597,21,3
7598,16,4
7599,9,1
7600,7,1
7601,6,1
7602,7,1
7603,6,1
7604,17,2
7605,9,1
7606,6,1
7607,8,1
7608,7,1
7609,8,2
7610,22,4
7611,23,5
7612,8,1
7613,3,1
7614,14,2
7615,8,1
7616,26,4
7617,4,1
7618,7,1
7619,16,2
7620,6,1
7621,10,1
7622,5,1
7623,8,1
7624,16,2
7625,7,1
7626,17,3
7627,8,1
7628,20,3
7629,5,1
7630,94,16
7631,7,1
7632,6,1
7633,10,1
7634,6,1
7635,3,1
7636,3,1
7637,11,2
7638,114,15
7639,7,1
7640,17,2
7641,6,1
7642,12,2
7643,17,3
7644,28,4
7645,13,3
7646,6,1
7647,4,1
7648,78,10
7649,4,1
7650,7,1
7651,29,3
7652,223,29
7653,4,1
7654,5,1
7655,6,1
7656,98,13
7657,6,1
7658,13,2
7659,7,1
7660,150,18
7661,316,41
7662,16,2
7663,7,1
7664,23,3
7665,219,28
7666,6,1
7667,9,1
7668,22,3
7669,8,1
7670,3,1
7671,4,1
7672,5,1
7673,3,1
7674,9,1
7675,6,1
7676,3,1
7677,6,1
7678,6,1
7679,16,2
7680,7,1
7681,8,1
7682,7,1
7683,402,50
7684,44,6
7685,9,1
7686,178,23
7687,5,1
7688,11,2
7689,85,10
7690,4,1
7691,3,1
7692,14,3
7693,3,1
7694,5,1
7695,12,2
7696,7,1
7697,126,17
7698,27,3
7699,8,1
7700,6,1
7701,21,3
7702,6,1
7703,150,23
7704,10,1
7705,31,4
7706,5,1
7707,80,11
7708,2,1
7709,9,1
7710,9,1
7711,37,5
7712,38,5
7713,32,4
7714,22,6
7715,7,1
7716,7,1
7717,7,1
7718,5,1
7719,3,1
7720,10,1
7721,4,1
7722,4,1
7723,6,1
7724,3,1
7725,9,1
7726,14,2
7727,123,18
7728,10,2
7729,15,3
7730,8,1
7731,7,1
7732,4,1
7733,8,1
7734,14,2
7735,10,1
7736,8,1
7737,29,5
7738,12,2
7739,15,2
7740,28,5
7741,4,1
7742,83,12
7743,287,36
7744,9,1
7745,42,6
7746,7,1
7747,5,1
7748,9,2
7749,7,1
7750,6,1
7751,10,1
7752,65,10
7753,26,3
7754,9,1
7755,27,5
7756,10,2
7757,7,1
7758,5,1
7759,45,9
7760,8,1
7761,9,1
7762,6,1
7763,6,1
7764,8,1
7765,4,1
7766,5,1
7767,7,1
7768,8,1
7769,33,4
7770,6,1
7771,9,1
7772,7,1
7773,9,1
7774,9,1
7775,9,1
7776,10,1
7777,10,1
7778,1,1
7779,5,1
7780,2,1
7781,3,1
7782,1,1
7783,359,47
7784,10,2
7785,316,41
7786,1,1
7787,41,6
7788,190,27
7789,30,6
7790,201,27
7791,21,5
7792,414,54
7793,82,11
7794,104,13
7795,161,20
7796,212,27
7797,159,22
7798,163,22
7799,86,14
7800,133,16
7801,4,1
7802,9,1
7803,4,1
7804,6,1
7805,2,1
7806,11,2
7807,9,1
7808,10,1
7809,6,1
7810,10,1
7811,8,1
7812,4,1
7813,1,1
7814,6,1
7815,6,3
7816,7,1
7817,15,2
7818,10,1
7819,9,1
7820,8,1
7821,3,1
7822,8,1
7823,19,2
7824,6,1
7825,39,6
7826,10,1
7827,30,4
7828,35,4
7829,31,4
7830,8,1
7831,9,1
7832,8,1
7833,4,1
7834,7,1
7835,13,2
7836,6,1
7837,7,1
7838,7,1
7839,8,1
7840,8,1
7841,4,1
7842,43,6
7843,45,6
7844,15,2
7845,9,1
7846,3,1
7847,2,1
7848,8,1
7849,10,1
7850,8,1
7851,9,1
7852,4,1
7853,135,18
7854,6,1
7855,8,2
7856,38,5
7857,7,1
7858,2,1
7859,8,1
7860,39,5
7861,5,1
7862,7,1
7863,7,1
7864,15,2
7865,9,1
7866,8,1
7867,8,1
7868,10,1
7869,7,1
7870,16,2
7871,23,4
7872,9,1
7873,7,1
7874,4,1
7875,1,1
7876,8,1
7877,3,1
7878,65,10
7879,11,2
7880,12,2
7881,2,1
7882,7,1
7883,9,2
7884,13,3
7885,6,1
7886,7,1
7887,8,1
7888,4,1
7889,15,2
7890,8,1
7891,15,3
7892,8,1
7893,34,6
7894,7,1
7895,24,3
7896,52,8
7897,19,4
7898,8,1
7899,33,6
7900,6,1
7901,9,1
7902,8,1
7903,10,1
7904,9,1
7905,10,1
7906,50,8
7907,9,1
7908,10,1
7909,9,1
7910,10,1
7911,10,1
7912,6,1
7913,4,1
7914,5,1
7915,10,1
7916,12,2
7917,18,3
7918,6,1
7919,6,1
7920,8,1
7921,15,2
7922,9,1
7923,2,1
7924,35,7
7925,5,1
7926,10,1
7927,22,4
7928,10,1
7929,2,1
7930,7,1
7931,13,2
7932,7,2
7933,7,1
7934,2,1
7935,4,1
7936,9,1
7937,7,1
7938,3,1
7939,15,2
7940,15,4
7941,12,2
7942,6,1
7943,8,1
7944,3,1
7945,7,1
7946,4,1
7947,4,1
7948,3,1
7949,62,9
7950,2,1
7951,8,1
7952,15,2
7953,9,1
7954,56,7
7955,6,1
7956,4,1
7957,3,1
7958,17,2
7959,7,1
7960,9,1
7961,10,1
7962,7,1
7963,5,1
7964,8,1
7965,10,1
7966,10,1
7967,384,48
7968,3,1
7969,52,7
7970,9,1
7971,28,4
7972,1,1
7973,6,1
7974,9,1
7975,9,1
7976,9,1
7977,118,16
7978,64,10
7979,6,1
7980,1,1
7981,4,1
7982,4,1
7983,10,1
7984,4,1
7985,10,1
7986,8,1
7987,328,43
7988,7,1
7989,5,1
7990,26,3
7991,74,10
7992,31,6
7993,103,14
7994,8,1
7995,1,1
7996,6,1
7997,43,7
7998,11,2
7999,20,3
8000,7,1
8001,70,12
8002,19,4
8003,104,15
8004,9,1
8005,7,1
8006,8,1
8007,50,9
8008,6,1
8009,95,15
8010,6,1
8011,3,1
8012,24,4
8013,15,3
8014,104,17
8015,6,1
8016,1,1
8017,4,2
8018,10,1
8019,10,1
8020,10,1
8021,10,1
8022,3,1
8023,10,1
8024,10,1
8025,15,2
8026,10,1
8027,7,1
8028,10,1
8029,4,1
8030,9,1
8031,10,1
8032,45,6
8033,5,1
8034,41,6
8035,12,2
8036,3,1
8037,2,1
8038,9,2
8039,4,1
8040,3,1
8041,3,1
8042,5,1
8043,10,1
8044,5,1
8045,7,1
8046,10,1
8047,3,1
8048,75,16
8049,4,1
8050,4,1
8051,5,1
8052,28,4
8053,4,1
8054,1,1
8055,8,1
8056,80,11
8057,8,1
8058,125,18
8059,1,1
8060,16,2
8061,12,2
8062,33,5
8063,7,1
8064,3,1
8065,3,1
8066,10,1
8067,6,1
8068,1,1
8069,10,1
8070,10,1
8071,4,1
8072,5,1
8073,9,1
8074,242,31
8075,6,1
8076,6,1
8077,10,1
8078,34,6
8079,78,11
8080,6,1
8081,5,2
8082,7,1
8083,13,2
8084,3,1
8085,9,2
8086,8,1
8087,4,1
8088,9,1
8089,95,13
8090,10,1
8091,9,1
8092,57,8
8093,4,1
8094,26,4
8095,8,1
8096,8,1
8097,6,1
8098,32,4
8099,7,1
8100,3,1
8101,8,1
8102,10,1
8103,32,6
8104,59,7
8105,14,2
8106,7,1
8107,9,1
8108,4,1
8109,2,1
8110,32,5
8111,28,4
8112,13,2
8113,5,1
8114,8,1
8115,15,2
8116,5,1
8117,8,1
8118,21,3
8119,7,1
8120,1,1
8121,14,2
8122,10,1
8123,15,2
8124,7,1
8125,8,1
8126,10,1
8127,9,1
8128,8,1
8129,9,1
8130,8,1
8131,20,3
8132,12,2
8133,10,1
8134,1,1
8135,10,1
8136,6,1
8137,3,1
8138,19,2
8139,9,1
8140,25,4
8141,6,1
8142,11,2
8143,12,2
8144,34,4
8145,4,1
8146,10,1
8147,37,6
8148,16,2
8149,158,19
8150,5,1
8151,15,2
8152,12,3
8153,9,1
8154,6,1
8155,8,1
8156,2,1
8157,9,1
8158,5,1
8159,23,4
8160,3,1
8161,10,1
8162,9,2
8163,3,1
8164,12,2
8165,86,13
8166,5,1
8167,15,2
8168,55,8
8169,4,1
8170,8,1
8171,3,1
8172,10,1
8173,10,1
8174,45,8
8175,9,1
8176,17,3
8177,8,1
8178,6,1
8179,4,1
8180,1,1
8181,9,1
8182,4,1
8183,8,1
8184,8,2
8185,3,1
8186,4,1
8187,9,1
8188,18,2
8189,5,1
8190,6,1
8191,7,1
8192,8,1
8193,7,1
8194,1,1
8195,5,1
8196,15,3
8197,3,1
8198,1,1
8199,10,1
8200,8,1
8201,6,1
8202,8,1
8203,8,1
8204,60,8
8205,10,1
8206,8,1
8207,10,1
8208,4,1
8209,4,1
8210,8,1
8211,6,1
8212,10,1
8213,8,1
8214,15,2
8215,19,2
8216,24,4
8217,23,4
8218,27,3
8219,32,4
8220,10,1
8221,8,1
8222,6,1
8223,7,1
8224,10,2
8225,5,1
8226,15,2
8227,6,1
8228,6,1
8229,206,26
8230,9,1
8231,13,2
8232,7,1
8233,18,2
8234,4,1
8235,4,1
8236,8,1
8237,18,2
8238,15,3
8239,25,4
8240,8,1
8241,8,1
8242,7,1
8243,8,1
8244,8,1
8245,8,1
8246,6,1
8247,10,1
8248,35,7
8249,54,8
8250,10,1
8251,10,1
8252,5,1
8253,4,1
8254,9,1
8255,4,1
8256,12,2
8257,77,10
8258,10,1
8259,17,2
8260,5,1
8261,9,1
8262,8,1
8263,6,1
8264,12,3
8265,17,3
8266,3,1
8267,3,1
8268,5,1
8269,4,1
8270,3,1
8271,1,1
8272,8,1
8273,23,4
8274,1,1
8275,5,1
8276,16,2
8277,10,1
8278,6,1
8279,7,1
8280,8,2
8281,1,1
8282,7,1
8283,3,1
8284,103,14
8285,8,2
8286,249,32
8287,20,3
8288,5,1
8289,25,4
8290,7,1
8291,7,1
8292,7,1
8293,8,1
8294,10,1
8295,35,4
8296,7,1
8297,6,1
8298,6,1
8299,8,1
8300,8,1
8301,12,2
8302,8,1
8303,17,3
8304,4,1
8305,21,3
8306,6,1
8307,8,1
8308,4,1
8309,7,1
8310,13,2
8311,10,2
8312,4,1
8313,10,1
8314,25,3
8315,23,3
8316,5,1
8317,9,1
8318,26,5
8319,4,1
8320,5,1
8321,16,3
8322,8,1
8323,5,1
8324,9,1
8325,9,1
8326,6,1
8327,4,1
8328,1,1
8329,9,2
8330,5,1
8331,93,13
8332,16,3
8333,5,1
8334,8,1
8335,3,1
8336,2,1
8337,46,6
8338,10,1
8339,3,1
8340,3,1
8341,10,1
8342,115,15
8343,3,1
8344,5,1
8345,10,1
8346,5,1
8347,5,1
8348,7,1
8349,16,3
8350,16,4
8351,5,1
8352,7,1
8353,51,7
8354,6,1
8355,10,1
8356,10,2
8357,45,5
8358,22,3
8359,6,1
8360,9,1
8361,5,1
8362,80,11
8363,9,1
8364,6,1
8365,6,1
8366,13,2
8367,14,2
8368,4,1
8369,15,2
8370,11,2
8371,10,1
8372,59,7
8373,5,1
8374,9,2
8375,9,1
8376,50,8
8377,29,4
8378,9,1
8379,5,1
8380,6,1
8381,6,1
8382,49,9
8383,9,1
8384,37,6
8385,11,2
8386,20,3
8387,2,1
8388,12,2
8389,10,1
8390,5,1
8391,7,1
8392,18,2
8393,4,1
8394,6,1
8395,9,1
8396,1,1
8397,21,4
8398,2,1
8399,38,6
8400,5,1
8401,9,1
8402,5,1
8403,6,1
8404,15,2
8405,58,8
8406,2,1
8407,6,1
8408,23,3
8409,57,8
8410,7,1
8411,2,1
8412,3,1
8413,13,2
8414,8,1
8415,7,1
8416,10,1
8417,43,6
8418,10,1
8419,24,3
8420,48,6
8421,7,1
8422,9,1
8423,36,6
8424,5,1
8425,8,1
8426,8,1
8427,10,1
8428,10,1
8429,24,3
8430,10,1
8431,8,1
8432,8,1
8433,63,8
8434,6,1
8435,5,1
8436,10,1
8437,7,1
8438,7,1
8439,9,1
8440,207,26
8441,16,2
8442,9,1
8443,7,1
8444,10,1
8445,3,1
8446,7,1
8447,5,1
8448,4,1
8449,8,1
8450,4,1
8451,3,1
8452,61,9
8453,18,2
8454,5,1
8455,23,4
8456,15,2
8457,4,1
8458,4,1
8459,8,1
8460,5,1
8461,4,1
8462,29,5
8463,9,1
8464,2,1
8465,1,1
8466,9,1
8467,8,1
8468,10,1
8469,16,2
8470,7,1
8471,19,2
8472,10,1
8473,8,1
8474,16,2
8475,69,10
8476,21,3
8477,2,1
8478,212,27
8479,40,6
8480,6,1
8481,18,2
8482,44,6
8483,76,10
8484,6,1
8485,17,2
8486,25,4
8487,30,4
8488,10,1
8489,1,1
8490,2,1
8491,8,1
8492,9,1
8493,5,1
8494,7,1
8495,52,7
8496,3,1
8497,7,1
8498,9,1
8499,8,1
8500,8,1
8501,8,1
8502,6,1
8503,9,1
8504,58,7
8505,109,15
8506,214,25
8507,25,4
8508,30,4
8509,32,4
8510,5,1
8511,5,1
8512,14,2
8513,38,5
8514,4,1
8515,30,4
8516,6,1
8517,15,2
8518,8,1
8519,2,1
8520,9,1
8521,9,1
8522,5,1
8523,3,1
8524,4,1
8525,12,2
8526,6,1
8527,28,5
8528,7,1
8529,2,1
8530,4,1
8531,15,2
8532,8,1
8533,8,1
8534,6,1
8535,8,1
8536,5,1
8537,10,1
8538,33,4
8539,60,7
8540,10,1
8541,18,3
8542,8,1
8543,7,1
8544,8,1
8545,14,3
8546,4,1
8547,8,1
8548,6,1
8549,7,1
8550,7,1
8551,6,1
8552,42,5
8553,8,1
8554,18,2
8555,2,1
8556,6,1
8557,7,1
8558,10,1
8559,5,1
8560,6,1
8561,78,9
8562,15,2
8563,8,1
8564,13,2
8565,7,1
8566,9,1
8567,6,1
8568,11,2
8569,6,1
8570,5,1
8571,6,1
8572,6,1
8573,8,1
8574,9,2
8575,10,1
8576,10,1
8577,10,1
8578,10,1
8579,19,2
8580,10,1
8581,10,1
8582,10,1
8583,9,1
8584,10,1
8585,7,1
8586,10,1
8587,23,4
8588,17,2
8589,8,1
8590,8,1
8591,9,1
8592,7,1
8593,23,4
8594,1,1
8595,9,1
8596,10,1
8597,10,1
8598,10,1
8599,4,1
8600,17,2
8601,6,1
8602,10,1
8603,8,1
8604,38,4
8605,89,13
8606,7,1
8607,5,1
8608,8,1
8609,10,1
8610,7,1
8611,6,1
8612,6,1
8613,7,1
8614,9,1
8615,7,1
8616,8,1
8617,10,1
8618,60,9
8619,10,1
8620,10,1
8621,8,1
8622,10,1
8623,9,1
8624,1,1
8625,10,3
8626,34,5
8627,7,1
8628,7,1
8629,6,1
8630,6,1
8631,6,1
8632,7,1
8633,49,8
8634,8,1
8635,137,18
8636,4,1
8637,9,1
8638,7,1
8639,13,2
8640,8,1
8641,2,1
8642,10,1
8643,18,2
8644,8,1
8645,4,1
8646,9,1
8647,6,1
8648,76,8
8649,20,3
8650,17,3
8651,92,13
8652,9,1
8653,20,3
8654,7,1
8655,7,1
8656,7,1
8657,17,2
8658,7,1
8659,6,1
8660,8,1
8661,10,1
8662,10,1
8663,12,2
8664,44,6
8665,8,1
8666,2,1
8667,8,1
8668,6,1
8669,3,1
8670,8,1
8671,3,1
8672,23,3
8673,75,12
8674,7,1
8675,59,8
8676,24,3
8677,4,1
8678,9,1
8679,15,2
8680,17,2
8681,9,1
8682,30,5
8683,3,1
8684,15,2
8685,3,1
8686,7,1
8687,5,1
8688,8,1
8689,8,1
8690,8,1
8691,23,3
8692,4,1
8693,9,1
8694,5,1
8695,7,1
8696,23,4
8697,3,1
8698,7,1
8699,8,1
8700,7,1
8701,7,1
8702,6,1
8703,9,1
8704,8,1
8705,7,1
8706,35,5
8707,3,1
8708,9,1
8709,14,2
8710,4,1
8711,10,1
8712,9,2
8713,8,1
8714,7,1
8715,20,4
8716,1,1
8717,8,1
8718,13,2
8719,8,1
8720,6,1
8721,8,1
8722,22,4
8723,9,1
8724,4,1
8725,19,2
8726,6,1
8727,6,1
8728,11,2
8729,6,1
8730,13,2
8731,24,4
8732,93,12
8733,39,5
8734,9,1
8735,22,3
8736,7,1
8737,9,1
8738,8,1
8739,9,1
8740,5,1
8741,6,1
8742,15,2
8743,5,1
8744,2,1
8745,5,1
8746,7,1
8747,3,1
8748,8,1
8749,2,1
8750,3,1
8751,2,1
8752,2,1
8753,9,1
8754,7,1
8755,8,1
8756,8,1
8757,7,1
8758,8,1
8759,7,1
8760,7,1
8761,7,1
8762,8,1
